x1,u1
0.0,-0.4508234119540975
0.0,0.3979605829309023
-0.33493452054007944,1.5
-0.5281116251924503,2.455208965954558
0.8271294520735224,2.8778743950789396
6.6308727294837855,2.5460267819552285
-2.281596182529511,1.4921496830742493
-1.778918634823066,3.0616169978683826e-16
-2.0719056554781257,-1.4921496830742487
-1.6738003955701402,-2.546026781955228
-0.656143462236924,-2.8778743950789396
-9.392410145279214,-2.455208965954559
-6.767737329342224,-1.5000000000000004
-4.567211245640793,-0.3979605829309045
-3.036748302027459,0.45082341195409725
-2.315101428206434,0.7826710250778091
-2.364143384936421,0.565098699949407
-2.689542745607957,3.6739403974420594e-16
-2.8717647683866083,-0.5650986999494066
-2.5265841296244305,-0.7826710250778091
-1.6122842296674746,-0.45082341195409814
-0.5654388298886945,0.39796058293090164
0.04397063208704516,1.4999999999999991
-0.31340583459556637,2.455208965954558
1.3994886571227791,2.8778743950789396
2.931930281464717,2.546026781955229
-0.05439512779992928,1.4921496830742504
13.881562708130526,1.5308084989341917e-15
-1.4740780788768246,-1.4921496830742478
-1.0839101518647543,-2.546026781955228
-0.7719139923573453,-2.8778743950789396
-8.282597461442975,-2.455208965954559
-5.720659945268257,-1.5000000000000013
-3.597823221612937,-0.39796058293090364
-2.0653701686265684,0.4508234119540966
-1.281074783925432,0.7826710250778091
-1.3237370086316744,0.5650986999494075
-1.5543372758424072,8.572527594031471e-16
-1.671804851994743,-0.5650986999494063
-1.2724371544876223,-0.7826710250778091
-0.40371202347944424,-0.4508234119540986
0.14050160202815642,0.39796058293090075
0.4278037219021674,1.4999999999999982
-0.16226687289122804,2.4552089659545526
1.7027229156782253,2.8778743950789396
1.7405659230166224,2.54602678195523
3.4380524567870117,1.4921496830742589
-0.9682644127513713,2.7554552980815448e-15
-0.41821184079866924,-1.4921496830742467
-0.23920351081674096,-2.546026781955231
-1.779824387019264,-2.8778743950789405
-2.792283638053355,-2.455208965954564
-2.2716662340169442,-1.5000000000000022
-1.8291616142705074,-0.3979605829309101
-0.7040460363094305,0.45082341195409636
-0.08043106276423323,0.7826710250778092
-0.40112246759276765,0.5650986999494079
-0.5979422075850322,-2.2056021997384127e-15
-0.792224288067978,-0.565098699949406
-0.5022173287836418,-0.7826710250778095
0.12661020182647043,-0.45082341195409903
0.37132052394681253,0.3979605829308941
0.5321984766706973,1.4999999999999973
-0.13127818398465047,2.4552089659545606
1.749197352692184,2.8778743950789396
1.59145347006573,2.5460267819552262
4.265571322355002,1.4921496830742524
-1.4754103476735194,1.2861886294230151e-14
-1.5315195624552542,-1.4921496830742458
-1.1379039757962988,-2.5460267819552227
-0.7379569548535645,-2.87787439507894
-8.600409588419538,-2.455208965954556
-6.01837372104432,-1.500000000000003
-3.8693585681079172,-0.3979605829308994
-2.332866055697145,0.4508234119540959
-1.5583279889599646,0.7826710250778086
-1.5874245703443326,0.5650986999494082
-1.8375383199241995,5.389683877521531e-15
-1.9596685457360867,-0.5650986999494054
-1.5588958784272398,-0.7826710250778091
-0.6513771135159072,-0.4508234119540995
0.04806325345537332,0.3979605829309052
0.38303980689034084,1.4999999999999967
-0.17675486657871062,2.4552089659545517
1.6789672172205414,2.8778743950789387
1.8198190348868017,2.5460267819552267
3.0517524040969306,1.4921496830742536
-0.6173261704884494,-3.6770353006250014e-15
0.5396902549972502,-1.4921496830742447
0.2199531191815865,-2.546026781955222
-1.5752152729807456,-2.8778743950789405
-3.374135884142424,-2.455208965954557
-2.1240038418374185,-1.5000000000000038
-1.9578225749861966,-0.39796058293091163
-0.7553337493984269,0.4508234119540955
-0.11650379786444032,0.7826710250778088
-0.4210269396576338,0.5650986999494036
-0.6164330359456929,-1.22588476042053e-15
-0.8074119003527351,-0.5650986999494052
-0.513814952000491,-0.7826710250778095
0.12015432871105858,-0.450823411954107
0.3676272671752466,0.3979605829309043
0.53062605544988,1.4999999999999958
-0.1317171664523562,2.4552089659545597
1.7485813717879644,2.8778743950789387
1.5933800252417978,2.546026781955235
4.253955438346378,1.4921496830742544
-1.4699137389705128,-2.452388501477648e-15
-1.521029700680235,-1.4921496830742587
-1.127994520238227,-2.546026781955221
-0.7437824120171019,-2.8778743950789405
-8.54537360610938,-2.455208965954574
-5.966680567884714,-1.4999999999999922
-3.8219264595029747,-0.39796058293091274
-2.2857702264198414,0.45082341195409503
-1.5089497984447489,0.7826710250778091
-1.5394724404876245,0.5650986999494138
-1.7858330106544773,-7.841453398362591e-15
-1.9063796293939226,-0.5650986999494049
-1.5049243178045466,-0.7826710250778091
-0.6029974808231834,-0.45082341195410747
0.06746568777352058,0.39796058293089165
0.3925566830784183,1.499999999999995
-0.17361178224084323,2.455208965954559
1.6842277274217163,2.8778743950789405
1.802087092841699,2.546026781955236
3.1352449360350336,1.4921496830742558
-0.7017061912972646,3.4299395085674716e-14
0.29946530701827423,-1.4921496830742578
0.13424794450246794,-2.546026781955221
-1.7073184114802513,-2.87787439507894
-2.976679327255227,-2.455208965954558
-2.1804733244258885,-1.500000000000018
-1.9031188822402463,-0.3979605829308901
-0.7318599692370766,0.45082341195409437
-0.09988736778834051,0.7826710250778091
-0.41177440072690286,0.5650986999494143
-0.6078066652852118,6.859260036498355e-15
-0.8003136950772891,-0.5650986999494045
-0.508386061520371,-0.7826710250778091
0.12318111717773961,-0.4508234119540937
0.3693560764452557,0.39796058293089076
0.5313625483577663,1.499999999999994
-0.13151145271447762,2.4552089659545415
1.7488701837709508,2.87787439507894
1.5924765674009804,2.546026781955237
4.259399499466914,1.4921496830742567
-1.4724944407728284,-3.0949031829417886e-18
-1.5259583297276091,-1.4921496830742265
-1.13264774429181,-2.546026781955237
-0.7410243626711748,-2.87787439507894
-8.57140467780113,-2.4552089659545584
-5.991123656389833,-1.5000000000000189
-3.8443409028108024,-0.3979605829309143
-2.308008661263682,0.4508234119540937
-1.5322388087637788,0.7826710250778091
-1.5620382103103716,0.5650986999494045
-1.8101526482977384,7.349118756157295e-15
-1.9314058248624368,-0.5650986999494042
-1.530222044023163,-0.78267102507781
-0.6255817772543705,-0.45082341195409437
0.05851856335319794,0.3979605829308901
0.38817592497483977,1.4999999999999931
-0.17505431883493447,2.455208965954558
1.6818206739804882,2.8778743950789387
1.8101877399091455,2.546026781955237
3.096898567789675,1.4921496830742882
-0.6636048299919219,3.6748688683969426e-14
0.40760399512580947,-1.4921496830742558
0.1752019456426036,-2.546026781955236
-1.6489063000097763,-2.8778743950789405
-3.1420815377110802,-2.455208965954559
-2.1366933099593117,-1.499999999999995
-1.9449016509672008,-0.3979605829309152
-0.7495773747120424,0.4508234119540937
-0.11241241967988869,0.7826710250778082
-0.4187355135392793,0.5650986999494149
-0.6142917734307918,7.838977475816237e-15
-0.805647886752172,-0.5650986999493938
-0.5124643932311553,-0.7826710250778091
0.12090810044269551,-0.45082341195409503
0.36805734305473764,0.39796058293091274
0.5308093457576897,1.4999999999999922
-0.13166595377660117,2.4552089659545575
1.748653297279125,2.8778743950789387
1.5931550019104521,2.546026781955238
4.255310855948565,1.4921496830742587
-1.4705570190516386,3.797333548311678e-14
-1.522258828154978,-1.4921496830742242
-1.1291545163135237,-2.546026781955235
-0.7430911166864091,-2.8778743950789387
-8.551893853116887,-2.4552089659545597
-5.972801889973484,-1.4999999999999958
-3.8275373902192555,-0.39796058293091585
-2.291334159555464,0.45082341195409303
-1.5147719429234179,0.7826710250778092
-1.545105219074926,0.5650986999494152
-1.7919015536910092,8.32883619547518e-15
-1.912618038794928,-0.5650986999493934
-1.5112221569512923,-0.7826710250778101
-0.6086043700578063,-0.4508234119540955
0.06526169735482756,0.39796058293091163
0.39147879278002173,1.4999999999999913
-0.1739660458294532,2.455208965954557
1.6836377417114698,2.87787439507894
1.8040705990617658,2.5460267819552382
3.1258236311169756,1.49214968307429
-0.6924452289729754,3.919798228226413e-14
0.3256762688699595,-1.492149683074223
0.14453612044532307,-2.5460267819552183
-1.6935018865714335,-2.8778743950789405
-3.0143950044499555,-2.45520896595456
-2.1675902521123263,-1.4999999999999967
-1.9149724304518423,-0.3979605829308934
-0.7367445392247018,0.45082341195410636
-0.1033302325859603,0.782671025077808
-0.4136797756132637,0.5650986999494155
-0.6095787593238001,8.818694915134119e-15
-0.8017700400633174,-0.565098699949403
-0.5094986924161115,-0.7826710250778091
0.12256147554164348,-0.4508234119541239
0.3690017599820451,0.3979605829309112
0.53121166906193,1.5000000000000155
-0.13155358089559815,2.455208965954573
1.7488110600071365,2.8778743950789387
1.5926614941146022,2.5460267819552387
4.258284706379073,1.4921496830742607
-1.4719666442205788,4.895492293406471e-15
-1.524950855522455,-1.4921496830742524
-1.1316961761455528,-2.5460267819552014
-0.7415851204995383,-2.8778743950789414
-8.566108379275963,-2.4552089659545775
-5.986149443886739,-1.4999999999999725
-3.8397774975611743,-0.3979605829309174
-2.303478567694136,0.45082341195409215
-1.527490718351069,0.7826710250778087
-1.5574301833439645,0.565098699949406
-1.805184706995719,-4.902301080408943e-15
-1.926287976466412,-0.5650986999493927
-1.5250415225739518,-0.7826710250778103
-0.6209435186652269,-0.45082341195411035
0.060371374564154645,0.397960582930887
0.38908421119590947,1.4999999999999898
-0.1747546322919425,2.4552089659545553
1.6823217575233333,2.8778743950789405
1.8084996039286771,2.546026781955223
3.1048613622802854,1.4921496830742318
-0.6716062964238139,4.164727588055884e-14
0.38483356781708555,-1.4921496830742211
0.16690464534665075,-2.5460267819552174
-1.6614658999196248,-2.8778743950789405
-3.1051835055579176,-2.4552089659545615
-2.143700284304578,-1.500000000000048
-1.9379254055521642,-0.397960582930895
-0.7465230919638985,0.45082341195410547
-0.11024594875513571,0.7826710250778097
-0.41752564718604734,0.5650986999494161
-0.6131624880587936,9.798412354452e-15
-0.8047181100638408,-0.5650986999494023
-0.5117529116937024,-0.7826710250778093
0.12130498052642347,-0.4508234119540966
0.3682839106019645,0.39796058293086256
0.5309058851890783,1.499999999999964
-0.13163898444123412,2.4552089659545384
1.7486911675114643,2.8778743950789414
1.5930365297407167,2.54602678195524
4.2560246086016695,1.4921496830742629
-1.4708955632612066,7.344785891701177e-15
-1.5229055335499144,-1.4921496830742504
-1.1297649682220183,-2.5460267819552334
-0.7427283195218584,-2.8778743950789423
-8.55531689602952,-2.4552089659545784
-5.976015815803763,-1.500000000000024
-3.830483973703844,-0.39796058293091896
-2.2942568536620263,0.45082341195409104
-1.517831520470268,0.7826710250778088
-1.5480675779257578,0.5650986999494066
-1.7950936266703685,-3.92258364109106e-15
-1.9159011881411567,-0.5650986999494122
-1.5145387961662764,-0.7826710250778103
-0.611561267645972,-0.45082341195411124
0.06409485604822895,0.3979605829308852
0.3909078041057948,1.499999999999988
-0.17415388729520903,2.4552089659545544
1.6833246098278773,2.877874395078937
1.8051238671142178,2.546026781955224
3.120829221434949,1.4921496830742336
-0.6875095763810959,-2.695770409715648e-14
0.33966646459305716,-1.492149683074219
0.14993240448676537,-2.5460267819552165
-1.6860211142501886,-2.8778743950789405
-3.0351739457770854,-2.4552089659545624
-2.1612540998985033,-1.5
-1.9209359824401888,-0.3979605829309434
-0.7392448633754638,0.4508234119540768
-0.10509558123418494,0.782671025077808
-0.4146591471469237,0.5650986999493969
-0.6104905050352634,1.0778129793769884e-14
-0.8025197006649267,-0.5650986999494018
-0.5100716701019983,-0.7826710250778093
0.12224223736095052,-0.4508234119540979
0.3688192962733251,0.39796058293090786
0.5311339573643032,1.4999999999999623
-0.1315752823407702,2.455208965954537
1.7487805991961332,2.8778743950789383
1.592756773847468,2.546026781955241
4.257710424475544,1.492149683074265
-1.4716946191228866,9.794079489995883e-15
-1.524431502837683,-1.4921496830742482
-1.1312057212781903,-2.546026781955232
-0.7418747977829327,-2.877874395078939
-8.56337315463051,-2.45520896595458
-5.983580758328731,-1.5000000000000258
-3.837421356476753,-0.39796058293092074
-2.301140126542909,0.45082341195409015
-1.5250405403165288,0.7826710250778088
-1.5550537578386685,0.5650986999494272
-1.8026230245915733,-2.9428662017731774e-15
-1.9236501090481029,-0.5650986999494113
-1.5223727784801637,-0.7826710250778085
-0.618556800922302,-0.45082341195411235
0.061321650435422925,0.39796058293088366
0.3895498336451083,1.4999999999999862
-0.17460112277518705,2.4552089659545535
1.6825782225221624,2.8778743950789396
1.807635947182682,2.546026781955258
3.108940926732031,1.4921496830742962
-0.6756873266383325,4.6545863077148244e-14
0.3732308956541388,-1.492149683074217
0.16261010787283486,-2.546026781955215
-1.667824644949665,-2.877874395078943
-3.0867858202791605,-2.4552089659545637
-2.147761685601518,-1.5000000000000515
-1.9339329298143872,-0.3979605829308981
-0.744792247768828,0.45082341195410347
-0.1090195704664092,0.7826710250778081
-0.4168418488940652,0.5650986999493975
-0.6125246307329641,1.1757847233087767e-14
-0.8041931101870666,-0.5650986999494011
-0.5113512857852536,-0.7826710250778113
0.1215289521580995,-0.4508234119540988
0.36841180662062056,0.39796058293085945
0.5309603751962509,1.5000000000000102
-0.13162376343854548,2.4552089659545357
1.748712538720349,2.8778743950789387
1.5929696748398348,2.54602678195521
4.256427428529354,1.492149683074267
-1.4710865655991878,1.2243373088290589e-14
-1.523270348620026,-1.4921496830741856
-1.1301093687027126,-2.5460267819552307
-0.7425239431190445,-2.8778743950789423
-8.557245569552371,-2.4552089659545473
-5.977826759563316,-1.5000000000000275
-3.832144469895149,-0.3979605829309225
-2.2959041262400928,0.45082341195406106
-1.5195563193427168,0.7826710250778088
-1.5497382660853058,0.5650986999494079
-1.7968940317114157,2.645856066794871e-14
-1.917753485817028,-0.5650986999494106
-1.5164106592279516,-0.7826710250778104
-0.6132313528314363,-0.45082341195408504
0.06343441610938472,0.3979605829308819
0.39058451966575014,1.4999999999999847
-0.17426029478732497,2.455208965954518
1.683147135234665,2.8778743950789396
1.8057209946328383,2.5460267819552262
3.1180003415557147,1.4921496830742982
-0.6847058627944618,-2.2059116900567066e-14
0.34761976732514976,-1.492149683074215
0.15297071893704503,-2.5460267819552467
-1.6817391880846548,-2.8778743950789405
-3.0471821279229143,-2.455208965954565
-2.1578326061049804,-1.500000000000053
-1.9241932959759867,-0.39796058293089986
-0.7406225652120366,0.4508234119540746
-0.10606917486350309,0.7826710250778076
-0.415199962208992,0.5650986999493982
-0.6109942320955326,1.273756467240565e-14
-0.8029339850393451,-0.5650986999494204
-0.5103883859088149,-0.7826710250778095
0.12206573683804489,-0.4508234119540995
0.3687184388861305,0.3979605829308579
0.5310909982441891,1.5000000000000087
-0.13158727978904283,2.4552089659545344
1.7487637579133783,2.8778743950789383
1.5928094538254318,2.546026781955276
4.257392932162375,1.492149683074269
-1.4715441910921903,-5.636160688942473e-14
-1.5241442742770508,-1.492149683074244
-1.1309344975611115,-2.54602678195523
-0.7420351813766091,-2.8778743950789423
-8.561858981022034,-2.4552089659545486
-5.982158836785301,-1.500000000000029
-3.836117209485242,-0.3979605829309243
-2.2998459238742823,0.4508234119540604
-1.5236847302792598,0.7826710250778086
-1.5537391912492493,0.5650986999494286
-1.8012060833363717,-9.834313231374127e-16
-1.9221913538217192,-0.5650986999494101
-1.5208973662528498,-0.7826710250778104
-0.6172380909346764,-0.4508234119540864
0.06184579276278157,0.39796058293088055
0.38980659180242117,1.499999999999983
-0.1745165081926603,2.455208965954517
1.6827195263348085,2.8778743950789396
1.8071602065735908,2.54602678195526
3.1111898026951534,1.4921496830742398
-0.6779317215490102,5.144445027373765e-14
0.3668533229219737,-1.492149683074213
0.16023034384813428,-2.546026781955246
-1.6713061324825447,-2.877874395078944
-3.0767927801470316,-2.455208965954566
-2.1501299254211155,-1.5000000000000548
-1.9316220956121422,-0.3979605829309014
-0.7437961621670628,0.4508234119540737
-0.10831424274741086,0.7826710250778096
-0.41644892714516424,0.565098699949419
-0.6121582377379085,-1.4704427318680477e-14
-0.8038915989310663,-0.5650986999493999
-0.5111206660639664,-0.7826710250778114
0.1216575391793247,-0.4508234119541008
0.36848524657860526,0.3979605829308561
0.5309916623060175,1.5000000000000069
-0.13161502427974509,2.4552089659545335
1.7487248083555433,2.877874395078941
1.5929312928275796,2.5460267819552445
4.256658705149427,1.4921496830742107
-1.4711962083733292,1.7141960284880005e-14
-1.5234797510624238,-1.4921496830741816
-1.1303070651333977,-2.546026781955229
-0.7424067238369778,-2.8778743950789423
-8.55835186738644,-2.45520896595455
-5.978865557764813,-1.5000000000000309
-3.8330970300876714,-0.39796058293087877
-2.296849178058909,0.45082341195408726
-1.5205459708824662,0.7826710250778106
-1.550697096091084,0.5650986999494094
-1.797927361619797,2.8417995546584475e-14
-1.9188167693892146,-0.5650986999493693
-1.5174853922409175,-0.7826710250778106
-0.6141906432818535,-0.45082341195408726
0.0630546035035835,0.39796058293087877
0.3903985688528524,1.5000000000000309
-0.17432151751962754,2.45520896595455
1.6830449927111004,2.8778743950789423
1.8060647151555616,2.546026781955229
3.116372822333587,1.4921496830743024
-0.6830901545230437,1.2494801744804236e-13
0.3522049980597566,-1.492149683074211
0.15471268581112077,-2.546026781955179
-1.6792616342403628,-2.877874395078941
-3.054168453120341,-2.4552089659545335
-2.1559217341606947,-1.5000000000000069
-1.9260238306573911,-0.3979605829308561
-0.7414005104273687,0.4508234119541008
-0.10661920587733642,0.7826710250778075
-0.41550571187488067,0.5650986999494397
-0.6112790943062247,1.4696999551041415e-14
-0.8031683003166326,-0.5650986999493789
-0.5105675398936791,-0.7826710250778096
0.12196588455145296,-0.45082341195412945
0.3686613877924303,0.3979605829309014
0.5310666967664708,1.5000000000000548
-0.13159406687911035,2.455208965954566
1.7487542302028658,2.877874395078938
1.5928392571901853,2.546026781955278
4.257213321415466,1.4921496830742735
-1.471459079218901,9.064552745918471e-14
-1.5239817514594256,-1.49214968307424
-1.130781037998856,-2.546026781955195
-0.7421259873069828,-2.8778743950789396
-8.561001755979206,-2.4552089659545846
-5.981353857379649,-1.499999999999983
-3.8353789421712268,-0.3979605829309272
-2.2991133325788446,0.4508234119540582
-1.522917339496506,0.7826710250778086
-1.5529952809852006,0.5650986999494299
-1.800404272208517,9.760035554983525e-16
-1.9213659842867972,-0.5650986999493885
-1.5200627041910026,-0.7826710250778086
-0.6164923252708563,-0.45082341195411635
0.06214192554046716,0.3979605829309243
0.3899516361177398,1.4999999999999793
-0.1744687199220324,2.4552089659545153
1.6827993124907452,2.8778743950789396
1.8068916163959114,2.5460267819552627
3.1124599811181595,1.492149683074244
-0.6791977122092319,5.634303747032707e-14
0.3632570443303833,-1.4921496830742693
0.15888239100297225,-2.5460267819552107
-1.6732647221845596,-2.8778743950789383
-3.071195697979481,-2.4552089659545686
-2.151506903140142,-1.5000000000000584
-1.9302843063006385,-0.3979605829309045
-0.7432214315088375,0.4508234119540717
-0.10790742323642255,0.7826710250778095
-0.4162224142081314,0.5650986999494204
-0.611947061477783,-1.2744992440044708e-14
-0.8037178365247841,-0.5650986999493982
-0.5109877710464389,-0.7826710250778076
0.1217316307522549,-0.4508234119541026
0.3685275665195001,0.397960582930853
0.5310096909332581,1.4999999999999039
-0.13160998864671053,2.4552089659545313
1.748731878078153,2.8778743950789405
1.5929091774772246,2.5460267819552467
4.256791969176113,1.492149683074215
-1.4712593790516308,2.2040547481469417e-14
-1.5236003931014297,-1.4921496830742984
-1.1304209669777692,-2.5460267819552262
-0.7423392213073172,-2.8778743950789427
-8.558988983967577,-2.4552089659546192
-5.979463811516476,-1.5000000000000342
-3.833645639079939,-0.3979605829309756
-2.2973934883400484,0.45082341195408504
-1.52111600916542,0.7826710250778104
-1.5512494559445875,0.5650986999494108
-1.7985226569351174,-2.646598843558777e-14
-1.9194293771547464,-0.5650986999494079
-1.5181046687558122,-0.7826710250778104
-0.6147435353323414,-0.450823411954145
0.06283554405875313,0.39796058293087566
0.39029130951000507,1.499999999999928
-0.17435683770768368,2.4552089659545473
1.6829860552164853,2.8778743950789365
1.806263064018247,2.5460267819552307
3.1154339214601436,1.4921496830741856
-0.6821571793310954,-1.2261942507388241e-14
0.3548533300831813,-1.4921496830742065
0.15571558641498745,-2.546026781955177
-1.6778277981527348,-2.8778743950789414
-3.0582245245517883,-2.4552089659546033
-2.154839014807453,-1.5000000000000102
-1.9270646522767167,-0.39796058293095316
-0.7418440284387295,0.4508234119540988
-0.10693287486454273,0.7826710250778075
-0.4156801432915108,0.5650986999494011
-0.611441635279351,1.665643442967718e-14
-0.8033020103665919,-0.5650986999493776
-0.5106697799168143,-0.7826710250778097
0.12190889649274572,-0.45082341195413145
0.3686288297588153,0.3979605829308983
0.5310528279686718,1.499999999999952
-0.13159794034404476,2.4552089659545637
1.748748792503168,2.877874395078938
1.592856266847058,2.546026781955215
4.257110815040131,1.4921496830742775
-1.4714105007244083,9.554411465577413e-14
-1.5238889867838794,-1.4921496830742358
-1.1306934487817806,-2.5460267819551925
-0.7421778355793491,-2.8778743950789396
-8.560512321019004,-2.455208965954587
-5.980894258245191,-1.4999999999999862
-3.834957444141414,-0.3979605829309303
-2.2986950902833496,0.45082341195411235
-1.5224792538206984,0.7826710250778085
-1.552570644114239,0.5650986999494312
-1.7999465951184517,2.9354384341341176e-15
-1.92089489337704,-0.5650986999493873
-1.51958635226957,-0.7826710250778088
-0.616066787901333,-0.4508234119541179
0.062310808676678375,0.39796058293092096
0.39003434764607714,1.499999999999976
-0.17444147222782083,2.45520896595458
1.6828447985081314,2.877874395078939
1.8067385041110233,2.5460267819552644
3.113184227354322,1.4921496830743692
-0.6799190359708542,6.124162466691647e-14
0.3612083546868181,-1.492149683074265
0.1581125622800172,-2.5460267819552085
-1.6743789285314814,-2.8778743950789383
-3.0680195430899238,-2.455208965954571
-2.1523045420803943,-1.4999999999999623
-1.9295113185697033,-0.39796058293090786
-0.7428899907565207,0.45082341195406994
-0.10767286386767949,0.7826710250778057
-0.4160918527984123,0.5650986999494216
-0.6118253544797728,4.605786129939907e-14
-0.8036176982834892,-0.5650986999493969
-0.5109111885076334,-0.782671025077808
0.12177432471806993,-0.4508234119541046
0.368551953965867,0.3979605829309436
0.5310200799643964,1.5
-0.1316070869027126,2.455208965954529
1.748735951877204,2.877874395078935
1.5928964339873173,2.546026781955249
4.256868761214674,1.49214968307434
-1.471295778305974,2.693913467805883e-14
-1.5236699059201253,-1.4921496830741732
-1.1304865974651521,-2.546026781955224
-0.7423003370906955,-2.877874395078937
-8.559356001743364,-2.4552089659545544
-5.979808445325681,-1.5000000000000377
-3.8339616810254746,-0.3979605829309789
-2.297707062374238,0.4508234119540835
-1.5214444183599023,0.7826710250778064
-1.5515677050758334,0.5650986999494122
-1.798865649783967,3.2336865303856006e-14
-1.9197823636487912,-0.5650986999494066
-1.518461521753484,-0.7826710250778107
-0.615062179691159,-0.45082341195409104
0.06270924434057046,0.3979605829308721
0.3902294649999272,1.4999999999999245
-0.17437720490509423,2.455208965954545
1.6829520658509232,2.877874395078936
1.806377458136875,2.5460267819552334
3.1148925213244816,1.4921496830743108
-0.6816189004887845,-7.363355310798827e-15
0.3563814906257625,-1.4921496830742023
0.15629321460432186,-2.54602678195524
-1.6769995085637934,-2.8778743950789414
-3.060571919851133,-2.4552089659546055
-2.1542213152734977,-1.5000000000000138
-1.9276596244527782,-0.3979605829309565
-0.7420979457622598,0.4508234119540966
-0.10711248150264197,0.7826710250778075
-0.41578004548324615,0.5650986999494023
-0.6115347359315401,1.8615869308312946e-14
-0.8033786007344592,-0.5650986999494161
-0.5107283463489635,-0.7826710250778097
0.12187625051891354,-0.45082341195413345
0.3686101794581579,0.397960582930895
0.5310448833453727,1.4999999999999485
-0.13160015925447005,2.4552089659545615
1.7487456774793548,2.877874395078938
1.5928660109924628,2.5460267819552174
4.257052094181769,1.4921496830742815
-1.4713826712010036,-4.1665845299656487e-14
-1.5238358429882626,-1.4921496830742318
-1.1306432707115013,-2.5460267819551907
-0.7422075447795398,-2.877874395078946
-8.560231880827232,-2.455208965954589
-5.9806309155915915,-1.4999999999999898
-3.8347159367699604,-0.39796058293093384
-2.298455453322922,0.45082341195411035
-1.5222282551985886,0.7826710250778084
-1.552327365425693,0.5650986999493927
-1.7996843908284124,4.894873312769883e-15
-1.9206250152242221,-0.5650986999493859
-1.5193134742217467,-0.7826710250778126
-0.6158230452480238,-0.4508234119541199
0.062407512952712185,0.3979605829308239
0.3900817069975313,1.4999999999999725
-0.17442587178349933,2.4552089659545775
1.6828708391663834,2.8778743950789387
1.8066508511297972,2.5460267819552014
3.1135988957280416,1.4921496830742524
-0.680331856416156,6.614021186350589e-14
0.3600359898265151,-1.4921496830741399
0.15767139281218404,-2.546026781955206
-1.675016019894045,-2.8778743950789445
-3.0662060297489013,-2.455208965954573
-2.1527652742748837,-1.500000000000065
-1.9290654766624789,-0.3979605829309112
-0.7426990379903857,0.45082341195406794
-0.10753774355777534,0.7826710250778093
-0.4160166544696118,0.565098699949423
-0.6117552607300503,4.801729617803484e-14
-0.8035600284716764,-0.5650986999493558
-0.5108670858218752,-0.782671025077808
0.12179891074252769,-0.45082341195410636
0.36856599831856923,0.3979605829308466
0.5310260627760147,1.4999999999998972
-0.13160541586919927,2.455208965954594
1.748738297839133,2.8778743950789405
1.592889095472374,2.546026781955251
4.256912983483314,1.492149683074223
-1.471316738830522,3.1837721874648235e-14
-1.523709934334656,-1.492149683074169
-1.1305243907026883,-2.5460267819551565
-0.7422779492724494,-2.877874395078937
-8.559567318573539,-2.455208965954557
-5.980006875320477,-1.500000000000041
-3.834143650924343,-0.39796058293098224
-2.2978876141170064,0.4508234119540817
-1.5216335164339045,0.7826710250778062
-1.551750961204961,0.5650986999494535
-1.799063155949386,-2.2547118678316243e-14
-1.9199856306686476,-0.5650986999494052
-1.5186670232383597,-0.7826710250778111
-0.615245692787169,-0.45082341195414877
0.06263648917473186,0.3979605829309627
0.39019383815426356,1.5000000000000207
-0.17438893852032933,2.455208965954543
1.6829324833356918,2.877874395078936
1.8064433667444897,2.546026781955235
3.114580622776792,1.4921496830743153
-0.6813087018683122,1.3964377903781063e-13
0.357262205847775,-1.4921496830743193
0.15662575885187113,-2.546026781955238
-1.6765218421605041,-2.8778743950789414
-3.061927075726497,-2.4552089659546077
-2.1538676814015245,-1.500000000000017
-1.9280006316802663,-0.3979605829309596
-0.7422436045025276,0.4508234119540393
-0.10721552166795267,0.7826710250778034
-0.41583736680295313,0.5650986999494036
-0.6115881574894804,2.057530418694871e-14
-0.8034225497931239,-0.565098699949375
-0.510761953705099,-0.7826710250778062
0.12185751673566037,-0.45082341195407927
0.36859947730093817,0.39796058293089165
0.5310403244175952,1.4999999999999452
-0.1316014325593715,2.455208965954559
1.7487438899323007,2.8778743950789374
1.5928716026561593,2.546026781955285
4.257018397599738,1.492149683074407
-1.4713667009845253,-3.676725810306707e-14
-1.5238053456231955,-1.4921496830742276
-1.1306144755245198,-2.546026781955188
-0.7422245958016396,-2.87787439507894
-8.560070930014493,-2.4552089659545917
-5.98047977808422,-1.5000000000000926
-3.8345773322697525,-0.39796058293103065
-2.2983179239107976,0.45082341195410836
-1.5220842078263686,0.782671025077808
-1.5521877532786614,0.5650986999494342
-1.7995339188468449,-4.9989110669402366e-14
-1.92047014302138,-0.5650986999494245
-1.5191568851161543,-0.7826710250778091
-0.61568318393041,-0.4508234119541221
0.06246299273520528,0.3979605829309143
0.39010887661559035,1.4999999999999691
-0.17441692233788375,2.455208965954508
1.6828857771548245,2.8778743950789334
1.8066005709419946,2.546026781955204
3.1138367792438544,1.4921496830742567
-0.6805686224452383,7.103879906009531e-14
0.3593636397776132,-1.4921496830742567
0.15741817424252572,-2.546026781955204
-1.6753812201359612,-2.8778743950789445
-3.065167313575367,-2.4552089659546423
-2.1530309039625144,-1.4999999999999691
-1.9288086483848508,-0.3979605829309143
-0.7425891105777656,0.45082341195406594
-0.10745996307821892,0.7826710250778052
-0.4159733716779017,0.5650986999493844
-0.6117149176260057,-6.8666878041374145e-15
-0.8035268367472843,-0.5650986999493943
-0.5108417030723584,-0.782671025077808
0.12181306066899406,-0.45082341195410836
0.3685740813715281,0.39796058293084324
0.5310295060856449,1.4999999999998936
-0.1316044541385586,2.4552089659545917
1.748739648003798,2.87787439507894
1.592884871966639,2.5460267819552533
4.256938434715465,1.4921496830743486
-1.4713288019939479,3.6736309071237653e-14
-1.5237329712271421,-1.4921496830741647
-1.1305461413642008,-2.5460267819551543
-0.742265065892544,-2.8778743950789374
-8.559688925150427,-2.455208965954559
-5.980121066276418,-1.5000000000000446
-3.834248370299342,-0.39796058293098535
-2.2979915183080273,0.4508234119541352
-1.5217423403524732,0.78267102507781
-1.5518564258701777,0.5650986999494149
-1.7991768222193176,3.625573506112754e-14
-1.920102614405884,-0.5650986999494039
-1.5187852955803764,-0.7826710250778108
-0.6153513150732686,-0.45082341195415054
0.06259460882493817,0.3979605829309596
0.39017332972774676,1.500000000000017
-0.1743956931389391,2.45520896595454
1.682921210016856,2.877874395078936
1.8064813098572214,2.546026781955238
3.114401075365916,1.4921496830743193
-0.6811301004553352,1.4454236623440003e-13
0.3577693133275799,-1.492149683074073
0.156817116403917,-2.546026781955235
-1.6762467065861253,-2.877874395078942
-3.0627081219283463,-2.45520896595461
-2.153664848341189,-1.4999999999999212
-1.9281963490074818,-0.397960582930869
-0.7423272453344649,0.45082341195409303
-0.1072746929885906,0.7826710250778072
-0.41587028633134043,0.5650986999494052
-0.611618838310485,2.2534739065584474e-14
-0.8034477907991371,-0.5650986999493736
-0.5107812554806809,-0.7826710250778138
0.1218467571807294,-0.4508234119540817
0.3685933307117458,0.39796058293088854
0.531037706066892,1.4999999999999416
-0.1316021638657689,2.455208965954557
1.7487428632727784,2.877874395078937
1.5928748141764881,2.546026781955287
4.2569990443775145,1.492149683074411
-1.471357528544476,-3.1868670906477656e-14
-1.5237878294552347,-1.492149683074223
-1.1305979370859802,-2.546026781955186
-0.7422343897031407,-2.877874395078946
-8.559978482607434,-2.455208965954527
-5.980392967487401,-1.4999999999999964
-3.8344977208334976,-0.39796058293094005
-2.2982389305205646,0.45082341195410636
-1.5220014715373078,0.782671025077808
-1.5521075660193282,0.5650986999494354
-1.7994474945381085,6.565716193084944e-14
-1.9203811926120233,-0.5650986999494232
-1.5190669501309446,-0.7826710250778091
-0.6156028591926828,-0.4508234119541239
0.06249485247779529,0.3979605829308175
0.3901244787699117,1.4999999999999658
-0.17441178324470483,2.4552089659545056
1.6828943548690036,2.8778743950789325
1.8065716993572183,2.546026781955206
3.113973381273726,1.4921496830742607
-0.6807045638655456,7.593738625668472e-14
0.35897761680721296,-1.4921496830741314
0.15727272273200563,-2.546026781955267
-1.6755908394388128,-2.8778743950789387
-3.0645713845737017,-2.4552089659545775
-2.1531838726028507,-1.500000000000072
-1.928660820081327,-0.3979605829309174
-0.7425258609058805,0.45082341195406395
-0.10741521178604208,0.7826710250778053
-0.4159484701766684,0.5650986999493859
-0.611691707913733,5.193616593530636e-14
-0.8035077415023087,-0.5650986999493528
-0.5108271004896702,-0.7826710250778159
0.12182120097499938,-0.45082341195411035
0.36857873151629106,0.3979605829308399
0.5310314869987708,1.4999999999998903
-0.13160390086310686,2.455208965954455
1.7487404247393386,2.8778743950789405
1.5928824422305672,2.5460267819552556
4.256953076583486,1.4921496830743526
-1.4713357417445594,-1.0047365088419298e-13
-1.5237462239313642,-1.4921496830742815
-1.130558654170569,-2.5460267819552174
-0.742257654687235,-2.877874395078943
-8.559758880178933,-2.455208965954494
-5.980186755540269,-1.4999999999999485
-3.834308611207682,-0.397960582930895
-2.298051290581589,0.4508234119540777
-1.5218049432522278,0.782671025077806
-1.5519170972008707,0.5650986999494559
-1.7992422119544937,9.505858880057133e-14
-1.9201699132874,-0.5650986999494023
-1.5188533366465322,-0.7826710250778113
-0.6154120803021608,-0.45082341195415276
0.06257051292004923,0.3979605829307691
0.3901615300492506,1.5000000000000138
-0.17439957953201657,2.4552089659545384
1.6829147235840871,2.877874395078936
1.8065031417507802,2.5460267819551747
3.1142977699258116,1.4921496830742023
-0.6810273285184316,7.332406278969411e-15
0.358061123788022,-1.49214968307419
0.15692719221870335,-2.546026781955298
-1.676088349396223,-2.877874395078936
-3.0631578195488407,-2.4552089659545446
-2.153548390756323,-1.500000000000024
-1.9283087627475224,-0.39796058293096603
-0.7423752996555995,0.4508234119540353
-0.10730868982669628,0.7826710250778031
-0.415889201039873,0.5650986999494066
-0.6116364670188719,2.449417394422024e-14
-0.803462294004602,-0.5650986999493721
-0.510792346154953,-0.7826710250778142
0.1218405747624231,-0.4508234119540835
0.36858979892196286,0.3979605829308852
0.5310362015753068,1.4999999999999383
-0.13160258407190173,2.455208965954487
1.7487422733561973,2.8778743950789427
1.5928766595112833,2.546026781955224
4.256987924077254,1.4921496830742942
-1.471352258043111,-1.690786308619083e-13
-1.523777764596177,-1.49214968307434
-1.1305884340613808,-2.546026781955249
-0.7422400175301866,-2.8778743950789405
-8.559925360220328,-2.455208965954596
-5.98034308421081,-1.5000000000000995
-3.834451974495451,-0.3979605829310371
-2.2981935395019364,0.4508234119539929
-1.5219539300627782,0.782671025077808
-1.5520614897743708,0.5650986999494367
-1.7993978345584756,6.76165968094852e-14
-1.9203300815103328,-0.5650986999494216
-1.519015273792222,-0.7826710250778093
-0.6155567058113411,-0.4508234119541257
0.0625131575351241,0.39796058293081416
0.3901334429315653,1.5000000000000617
-0.17440883063895327,2.455208965954571
1.682899283023605,2.8778743950789383
1.8065551118896939,2.5460267819552733
3.1140518646304174,1.4921496830741439
-0.6807826614380281,-6.127257369874589e-14
0.3587558531271906,-1.4921496830742482
0.15718914065045717,-2.5460267819551996
-1.6757112434063761,-2.877874395078945
-3.0642291784895725,-2.455208965954647
-2.153271902049595,-1.500000000000175
-1.9285757725650314,-0.39796058293092074
-0.742489480397373,0.4508234119540624
-0.10738947193017578,0.7826710250778051
-0.41593414790684125,0.565098699949467
-0.6116783588616135,-2.947818046865885e-15
-0.8034967589567558,-0.5650986999493913
-0.5108187019278537,-0.7826710250778122
0.12182588278101203,-0.4508234119540566
0.3685814060110281,0.3979605829309303
0.5310326263030241,1.4999999999999862
-0.13160358265238914,2.4552089659545198
1.7487408714705022,2.8778743950789454
1.5928810447952158,2.5460267819551925
4.256961497707632,1.4921496830742358
-1.471339733046253,4.6533483464416484e-14
-1.523753846020603,-1.4921496830741565
-1.1305658507348686,-2.54602678195515
-0.7422533923675776,-2.8778743950789494
-8.559799112744724,-2.4552089659545637
-5.980224534818303,-1.5000000000000515
-3.83434325710359,-0.3979605829309918
-2.298085667057002,0.45082341195402
-1.521840947850001,0.7826710250778097
-1.5519519911999171,0.5650986999494174
-1.7992798197281688,4.017460481839907e-14
-1.9202086192982448,-0.5650986999493612
-1.5188924698024788,-0.7826710250778075
-0.6154470293710375,-0.4508234119540988
0.06255665356860596,0.39796058293085945
0.39015474313037374,1.5000000000001097
-0.17440181492494922,2.4552089659546033
1.682910992648535,2.8778743950789414
1.8065156993241462,2.5460267819552422
3.114238350394168,1.4921496830743275
-0.6809682122772562,1.5433954062757884e-13
0.35822898082654775,-1.4921496830740648
0.156990497752158,-2.5460267819551006
-1.6759972473292994,-2.8778743950789423
-3.063416580639139,-2.455208965954615
-2.153481487737647,-1.500000000000127
-1.928373356397934,-0.39796058293087566
-0.7424029165012378,0.45082341195408904
-0.10732822816922938,0.7826710250778068
-0.41590007179317245,0.565098699949448
-0.6116465987760139,-3.038981003795201e-14
-0.8034706294819222,-0.5650986999494106
-0.5107987203646371,-0.7826710250778104
0.1218370214881701,-0.4508234119541412
0.36858776907534707,0.3979605829309756
0.531035336888432,1.5000000000000344
-0.1316028255802837,2.4552089659545517
1.7487419343088308,2.877874395078937
1.5928777200958768,2.546026781955292
4.256981532825354,1.4921496830744194
-1.4713492288738204,2.6214559779074127e-13
-1.5237719799044207,-1.492149683074215
-1.130582972288747,-2.5460267819551814
-0.7422432521451707,-2.8778743950789467
-8.559894828012382,-2.455208965954666
-5.980314413712104,-1.5000000000000033
-3.8344256817563935,-0.3979605829309467
-2.298167451041773,0.4508234119540466
-1.5219266057223626,0.7826710250778115
-1.5520350077427825,0.5650986999493982
-1.7993692928389542,1.2732612827312942e-14
-1.920300705898215,-0.5650986999493803
-1.5189855734814928,-0.7826710250778057
-0.6155301800603392,-0.4508234119540717
0.06252367765470679,0.3979605829309045
0.3901385947093647,1.499999999999959
-0.17440713376585362,2.455208965954501
1.6829021152273531,2.8778743950789325
1.8065455791356824,2.5460267819553413
3.1140969693683305,1.492149683074269
-0.6808275424044308,8.573456064986355e-14
0.35862841182049543,-1.492149683074123
0.15714110091798794,-2.546026781955132
-1.6757804299399917,-2.8778743950789396
-3.064032570268151,-2.455208965954582
-2.1533225400726854,-1.5000000000000788
-1.9285268577429777,-0.39796058293083036
-0.7424685588512168,0.45082341195411635
-0.10737466975997989,0.7826710250778086
-0.4159259117812524,0.5650986999494286
-0.6116706824493859,-5.783180202903813e-14
-0.8034904434353497,-0.5650986999494299
-0.5108138723445023,-0.7826710250778086
0.1218285750390512,-0.45082341195411413
0.3685829439762131,0.3979605829308337
0.5310332814578457,1.4999999999998834
-0.13160339966600176,2.45520896595445
1.7487411283611094,2.8778743950789396
1.5928802412066791,2.54602678195526
4.256966340241005,1.492149683074361
-1.471342028219362,1.9354061781302596e-13
-1.5237582290483713,-1.4921496830742735
-1.1305699890728325,-2.546026781955213
-0.7422509413918017,-2.877874395078944
-8.559822247861353,-2.4552089659546334
-5.98024625922308,-1.4999999999999554
-3.8343631797312208,-0.3979605829309014
-2.298105434792026,0.4508234119540737
-1.5218616518685573,0.7826710250778133
-1.5519720566804776,0.5650986999493789
-1.7993014457639689,-1.470937916377318e-14
-1.9202308769404635,-0.5650986999493999
-1.518914973166977,-0.7826710250778114
