Y,U,scale_value
0.0,-0.19592841743082437,6
0.0,-0.10300566479164913,6
0.0,0.0,6
0.10300566479164913,0.10300566479164913,6
0.19592841743082437,0.19592841743082437,6
0.5609786047489641,0.2696723314583158,6
0.5492635722402549,0.31701883876505116,6
0.4197108740428213,0.3333333333333333,6
0.4163553061938132,0.3170188387650512,6
0.39882468952562194,0.2696723314583158,6
0.3286325840826383,0.19592841743082443,6
0.25417154491659005,0.10300566479164917,6
0.20087393182185723,4.082155997157844e-17,6
0.1562373030804097,-0.10300566479164897,6
0.08840279521216081,-0.19592841743082434,6
-0.06831996223769206,-0.26967233145831576,6
-0.38934027697511037,-0.31701883876505116,6
-0.3196829582054454,-0.3333333333333333,6
-0.2964012595543122,-0.3170188387650512,6
-0.2372060299310785,-0.2696723314583159,6
-0.134599096218206,-0.19592841743082445,6
0.03667194783758867,-0.10300566479164923,6
-0.0780908413866822,-8.164311994315688e-17,6
0.0684673635496603,0.10300566479164906,6
0.10588565379722086,0.1959284174308241,6
0.39735582565751915,0.26967233145831576,6
0.6913023347102043,0.31701883876505116,6
0.44424034919946465,0.3333333333333333,6
0.3942564934444537,0.3170188387650512,6
0.39512831444184293,0.2696723314583159,6
0.33622056682405826,0.19592841743082445,6
0.25383347233419146,0.10300566479164926,6
0.19732982077131145,1.2246467991473532e-16,6
0.1574083777691365,-0.10300566479164902,6
0.0893267951082412,-0.19592841743082426,6
-0.06578557324263708,-0.26967233145831576,6
-0.3880683228182475,-0.31701883876505116,6
-0.31908495132903214,-0.3333333333333333,6
-0.29617735751083535,-0.31701883876505127,6
-0.23707358717632723,-0.2696723314583159,6
-0.1344949541571487,-0.19592841743082448,6
0.03674915760092303,-0.1030056647916493,6
-0.07820165332387355,-1.6328623988631375e-16,6
0.06835945144231065,0.10300566479164841,6
0.10591900171535425,0.19592841743082423,6
0.39722338234037774,0.2696723314583157,6
0.6912441540186333,0.31701883876505094,6
0.4442799015809145,0.3333333333333333,6
0.3942596722524519,0.31701883876505127,6
0.3951172235702564,0.26967233145831554,6
0.33622128391105083,0.19592841743082454,6
0.25383720026876644,0.1030056647916499,6
0.19732823481087922,2.041077998578922e-16,6
0.1574067881094534,-0.10300566479164837,6
0.08932658079251606,-0.1959284174308242,6
-0.06578716833028009,-0.26967233145831604,6
-0.3880694190857909,-0.31701883876505116,6
-0.3190854650405574,-0.3333333333333333,6
-0.2961775508012153,-0.31701883876505127,6
-0.23707370149764692,-0.2696723314583163,6
-0.13449504411104965,-0.19592841743082456,6
0.03674909100370192,-0.10300566479164992,6
-0.07820155791112093,-2.4492935982947064e-16,6
0.06835954450798919,0.10300566479164946,6
0.1059189726322815,0.19592841743082415,6
0.3972234962298666,0.269672331458316,6
0.6912442046006855,0.3170188387650511,6
0.4442798675267497,0.3333333333333333,6
0.39425966946128876,0.31701883876505127,6
0.39511723312661456,0.2696723314583163,6
0.33622128331056284,0.1959284174308246,6
0.25383719705287894,0.10300566479164885,6
0.1973282361704021,2.8575091980104907e-16,6
0.1574067894831119,-0.10300566479164942,6
0.08932658097950859,-0.19592841743082415,6
-0.06578716694876736,-0.2696723314583153,6
-0.3880694181373192,-0.3170188387650511,6
-0.3190854645961241,-0.3333333333333333,6
-0.2961775506339901,-0.31701883876505127,6
-0.2370737013987417,-0.26967233145831565,6
-0.1344950440332261,-0.19592841743082465,6
0.03674909106131957,-0.1030056647916489,6
-0.07820155799366978,-3.265724797726275e-16,6
0.06835954442747041,0.10300566479164826,6
0.10591897265744316,0.19592841743082315,6
0.39722349613133073,0.269672331458316,6
0.6912442045569233,0.3170188387650511,6
0.44427986755621296,0.3333333333333333,6
0.39425966946370355,0.31701883876505127,6
0.3951172331183466,0.26967233145831637,6
0.33622128331108336,0.19592841743082565,6
0.25383719705566116,0.10300566479164892,6
0.19732823616922554,3.67394039744206e-16,6
0.15740678948192488,-0.10300566479164823,6
0.08932658097934731,-0.1959284174308241,6
-0.06578716694996052,-0.2696723314583152,6
-0.38806941813813883,-0.31701883876505144,6
-0.31908546459650816,-0.3333333333333333,6
-0.29617755063413465,-0.3170188387650513,6
-0.23707370139882789,-0.26967233145831637,6
-0.1344950440332948,-0.19592841743082567,6
0.03674909106126878,-0.10300566479164897,6
-0.07820155799359713,-4.082155997157844e-16,6
0.06835954442754243,0.10300566479164931,6
0.10591897265741933,0.1959284174308231,6
0.39722349613141644,0.2696723314583152,6
0.6912442045569641,0.31701883876505105,6
0.44427986755618715,0.3333333333333333,6
0.39425966946370083,0.31701883876505094,6
0.39511723311835395,0.2696723314583164,6
0.3362212833110822,0.19592841743082476,6
0.25383719705566116,0.10300566479165126,6
0.19732823616922493,-7.352007332461374e-16,6
0.1574067894819251,-0.10300566479164815,6
0.0893265809793475,-0.195928417430824,6
-0.06578716694996072,-0.2696723314583159,6
-0.3880694181381384,-0.3170188387650507,6
-0.31908546459650794,-0.3333333333333333,6
-0.2961775506341346,-0.3170188387650513,6
-0.23707370139882722,-0.26967233145831576,6
-0.13449504403329446,-0.1959284174308257,6
0.036749091061267815,-0.10300566479165017,6
-0.07820155799359495,-4.898587196589413e-16,6
0.06835954442754395,0.10300566479164924,6
0.10591897265742138,0.19592841743082492,6
0.39722349613142144,0.26967233145831515,6
0.6912442045569617,0.31701883876505105,6
0.44427986755618587,0.3333333333333333,6
0.3942596694637013,0.317018838765051,6
0.3951172331183543,0.2696723314583164,6
0.3362212833110821,0.19592841743082479,6
0.2538371970556588,0.10300566479164908,6
0.19732823616922815,1.71491817256402e-15,6
0.15740678948192335,-0.10300566479165031,6
0.0893265809793466,-0.19592841743082393,6
-0.06578716694996356,-0.2696723314583158,6
-0.38806941813813994,-0.31701883876505066,6
-0.31908546459650866,-0.3333333333333333,6
-0.29617755063413487,-0.3170188387650514,6
-0.23707370139882744,-0.26967233145831576,6
-0.13449504403329277,-0.19592841743082387,6
0.0367490910612688,-0.10300566479165024,6
-0.07820155799359622,-5.715018396020981e-16,6
0.06835954442754029,0.10300566479164691,6
0.10591897265742507,0.19592841743082487,6
0.3972234961314203,0.2696723314583151,6
0.6912442045569563,0.317018838765051,6
0.44427986755618654,0.3333333333333333,6
0.39425966946370244,0.3170188387650517,6
0.3951172331183526,0.2696723314583151,6
0.33622128331108203,0.19592841743082487,6
0.2538371970556595,0.10300566479164915,6
0.19732823616922812,1.796561292507177e-15,6
0.1574067894819253,-0.10300566479164798,6
0.08932658097934724,-0.19592841743082387,6
-0.0657871669499609,-0.26967233145831576,6
-0.388069418138139,-0.3170188387650514,6
-0.3190854645965082,-0.3333333333333333,6
-0.29617755063413476,-0.3170188387650514,6
-0.2370737013988288,-0.2696723314583172,6
-0.13449504403329351,-0.19592841743082393,6
0.03674909106126811,-0.10300566479165031,6
-0.07820155799359524,-6.53144959545255e-16,6
0.06835954442754341,0.10300566479164908,6
0.10591897265741979,0.1959284174308229,6
0.3972234961314185,0.2696723314583151,6
0.6912442045569627,0.31701883876505027,6
0.4442798675561866,0.3333333333333333,6
0.3942596694637011,0.31701883876505105,6
0.39511723311835284,0.26967233145831515,6
0.3362212833110825,0.19592841743082492,6
0.25383719705565944,0.10300566479164924,6
0.1973282361692256,-4.9027137341666685e-16,6
0.15740678948192605,-0.10300566479164791,6
0.08932658097934798,-0.1959284174308238,6
-0.06578716694995763,-0.2696723314583143,6
-0.3880694181381363,-0.3170188387650506,6
-0.31908546459650694,-0.3333333333333333,6
-0.29617755063413503,-0.31701883876505216,6
-0.23707370139882744,-0.2696723314583159,6
-0.13449504403329293,-0.195928417430824,6
0.0367490910612708,-0.10300566479164815,6
-0.07820155799360083,-7.34788079488412e-16,6
0.06835954442753901,0.10300566479164901,6
0.10591897265741991,0.19592841743082282,6
0.3972234961314114,0.269672331458315,6
0.6912442045569627,0.31701883876505094,6
0.4442798675561886,0.3333333333333333,6
0.3942596694637017,0.3170188387650518,6
0.3951172331183523,0.2696723314583152,6
0.3362212833110805,0.1959284174308231,6
0.2538371970556601,0.10300566479164931,6
0.19732823616922646,-4.0862825347351e-16,6
0.1574067894819256,-0.10300566479164784,6
0.08932658097934776,-0.19592841743082376,6
-0.06578716694995972,-0.2696723314583157,6
-0.38806941813813767,-0.3170188387650506,6
-0.3190854645965076,-0.3333333333333333,6
-0.2961775506341353,-0.31701883876505216,6
-0.23707370139882908,-0.2696723314583173,6
-0.1344950440332939,-0.1959284174308241,6
0.036749091061269945,-0.10300566479164823,6
-0.07820155799359958,-8.164311994315688e-16,6
0.06835954442754015,0.10300566479164892,6
0.1059189726574215,0.19592841743082468,6
0.3972234961314152,0.269672331458315,6
0.6912442045569601,0.3170188387650502,6
0.44427986755618765,0.3333333333333333,6
0.3942596694637021,0.3170188387650518,6
0.3951172331183539,0.26967233145831665,6
0.3362212833110821,0.19592841743082504,6
0.25383719705565927,0.1030056647916494,6
0.197328236169226,-3.2698513353035307e-16,6
0.1574067894819239,-0.10300566479165002,6
0.08932658097934543,-0.1959284174308256,6
-0.06578716694996363,-0.26967233145831426,6
-0.388069418138139,-0.31701883876505055,6
-0.31908546459650816,-0.3333333333333333,6
-0.2961775506341348,-0.3170188387650515,6
-0.23707370139882755,-0.269672331458316,6
-0.1344950440332969,-0.19592841743082798,6
0.03674909106126809,-0.1030056647916483,6
-0.0782015579935949,1.4704014664922749e-15,6
0.06835954442754556,0.10300566479165109,6
0.10591897265741688,0.19592841743082268,6
0.39722349613141805,0.26967233145831493,6
0.6912442045569674,0.31701883876505094,6
0.44427986755618654,0.3333333333333333,6
0.39425966946370067,0.3170188387650511,6
0.39511723311835584,0.2696723314583181,6
0.33622128331108425,0.19592841743082703,6
0.2538371970556605,0.10300566479165173,6
0.19732823616922232,-2.613817799454197e-15,6
0.15740678948192668,-0.10300566479164769,6
0.08932658097934891,-0.1959284174308236,6
-0.06578716694995679,-0.2696723314583156,6
-0.38806941813813683,-0.31701883876505127,6
-0.3190854645965072,-0.3333333333333333,6
-0.2961775506341352,-0.3170188387650522,6
-0.23707370139882908,-0.2696723314583174,6
-0.13449504403329593,-0.19592841743082612,6
0.036749091061266226,-0.10300566479165063,6
-0.07820155799359278,-9.797174393178826e-16,6
0.06835954442754566,0.10300566479164876,6
0.10591897265742085,0.19592841743082454,6
0.3972234961314247,0.26967233145831626,6
0.6912442045569632,0.3170188387650516,6
0.4442798675561849,0.3333333333333333,6
0.394259669463702,0.3170188387650519,6
0.3951172331183548,0.26967233145831676,6
0.3362212833110822,0.1959284174308252,6
0.25383719705565916,0.10300566479164953,6
0.19732823616923093,4.573252678089962e-15,6
0.15740678948192285,-0.10300566479164985,6
0.0893265809793445,-0.19592841743082545,6
-0.06578716694996874,-0.2696723314583169,6
-0.38806941813814233,-0.3170188387650505,6
-0.3190854645965097,-0.3333333333333333,6
-0.2961775506341354,-0.3170188387650515,6
-0.237073701398828,-0.2696723314583161,6
-0.13449504403329351,-0.19592841743082426,6
0.03674909106126558,-0.10300566479165296,6
-0.07820155799359253,-3.42983634512804e-15,6
0.06835954442754401,0.10300566479164643,6
0.1059189726574253,0.19592841743082637,6
0.3972234961314263,0.2696723314583148,6
0.6912442045569565,0.3170188387650508,6
0.4442798675561849,0.3333333333333333,6
0.3942596694637021,0.31701883876505116,6
0.3951172331183534,0.26967233145831543,6
0.3362212833110843,0.1959284174308272,6
0.25383719705566143,0.10300566479165187,6
0.19732823616922687,2.2864200121661184e-15,6
0.1574067894819251,-0.10300566479164752,6
0.08932658097934776,-0.19592841743082348,6
-0.0657871669499599,-0.26967233145831554,6
-0.3880694181381385,-0.3170188387650512,6
-0.319085464596508,-0.3333333333333333,6
-0.29617755063413403,-0.3170188387650508,6
-0.2370737013988288,-0.26967233145831754,6
-0.13449504403329574,-0.19592841743082626,6
0.03674909106126625,-0.10300566479165078,6
-0.0782015579935929,-1.1430036792041963e-15,6
0.06835954442754547,0.10300566479164862,6
0.10591897265741707,0.19592841743082057,6
0.3972234961314194,0.2696723314583162,6
0.691244204556968,0.31701883876505155,6
0.4442798675561861,0.3333333333333333,6
0.39425966946370145,0.31701883876505194,6
0.3951172331183546,0.26967233145831687,6
0.33622128331108253,0.19592841743082534,6
0.25383719705565927,0.1030056647916497,6
0.19732823616922615,-4.126537577255718e-19,6
0.15740678948192877,-0.10300566479164519,6
0.08932658097935094,-0.19592841743082148,6
-0.06578716694995008,-0.2696723314583141,6
-0.3880694181381337,-0.31701883876505194,6
-0.31908546459650583,-0.3333333333333333,6
-0.296177550634134,-0.31701883876505155,6
-0.23707370139882722,-0.26967233145831615,6
-0.13449504403329307,-0.19592841743082443,6
0.03674909106127024,-0.10300566479164862,6
-0.07820155799360254,-3.593122585014354e-15,6
0.06835954442753624,0.10300566479164629,6
0.1059189726574216,0.19592841743082243,6
0.3972234961314088,0.26967233145831476,6
0.69124420455696,0.3170188387650508,6
0.4442798675561894,0.3333333333333333,6
0.39425966946370133,0.3170188387650512,6
0.3951172331183524,0.26967233145831554,6
0.3362212833110811,0.19592841743082348,6
0.2538371970556627,0.10300566479165203,6
0.19732823616922815,2.449706252052432e-15,6
0.15740678948192421,-0.10300566479164737,6
0.08932658097934738,-0.19592841743082334,6
-0.06578716694996112,-0.26967233145831543,6
-0.38806941813813767,-0.3170188387650497,6
-0.31908546459650755,-0.3333333333333333,6
-0.2961775506341339,-0.3170188387650508,6
-0.23707370139882603,-0.2696723314583148,6
-0.1344950440332944,-0.19592841743082637,6
0.03674909106126715,-0.10300566479165095,6
-0.07820155799359428,-1.30628991909051e-15,6
0.06835954442754401,0.10300566479164847,6
0.10591897265742133,0.19592841743082426,6
0.3972234961314196,0.2696723314583133,6
0.6912442045569606,0.31701883876505005,6
0.4442798675561865,0.3333333333333333,6
0.39425966946370233,0.31701883876505194,6
0.3951172331183545,0.2696723314583169,6
0.33622128331108625,0.1959284174308293,6
0.25383719705565866,0.10300566479164985,6
0.19732823616922945,4.89982515786259e-15,6
0.15740678948192385,-0.10300566479164953,6
0.08932658097934527,-0.1959284174308252,6
-0.06578716694996367,-0.269672331458314,6
-0.3880694181381403,-0.3170188387650519,6
-0.3190854645965088,-0.3333333333333333,6
-0.2961775506341352,-0.3170188387650516,6
-0.2370737013988308,-0.26967233145831904,6
-0.13449504403329526,-0.19592841743082454,6
0.036749091061263894,-0.10300566479165328,6
-0.0782015579935854,9.805427468333337e-16,6
0.06835954442754762,0.10300566479164613,6
0.10591897265742377,0.19592841743082232,6
0.39722349613143276,0.2696723314583174,6
0.6912442045569591,0.31701883876505077,6
0.444279867556183,0.3333333333333333,6
0.3942596694637035,0.3170188387650527,6
0.3951172331183539,0.2696723314583156,6
0.33622128331108403,0.19592841743082745,6
0.25383719705565716,0.10300566479164769,6
0.19732823616922876,2.612992491938746e-15,6
0.15740678948192718,-0.1030056647916472,6
0.08932658097935224,-0.19592841743081937,6
-0.0657871669499502,-0.2696723314583153,6
-0.38806941813813395,-0.3170188387650511,6
-0.31908546459650594,-0.3333333333333333,6
-0.29617755063413337,-0.31701883876505094,6
-0.23707370139882858,-0.2696723314583177,6
-0.13449504403329196,-0.19592841743082268,6
0.03674909106126837,-0.10300566479165109,6
-0.07820155799359575,-1.469576158976824e-15,6
0.06835954442753774,0.1030056647916438,6
0.10591897265742849,0.19592841743082415,6
0.3972234961314213,0.269672331458316,6
0.6912442045569507,0.31701883876505,6
0.4442798675561866,0.3333333333333333,6
0.39425966946370344,0.31701883876505205,6
0.3951172331183516,0.26967233145831426,6
0.33622128331108253,0.1959284174308256,6
0.2538371970556606,0.10300566479165,6
0.19732823616923076,5.0631113977489035e-15,6
0.15740678948192252,-0.1030056647916494,6
0.08932658097934869,-0.19592841743082123,6
-0.0657871669499586,-0.2696723314583139,6
-0.3880694181381387,-0.3170188387650518,6
-0.3190854645965081,-0.3333333333333333,6
-0.29617755063413354,-0.3170188387650502,6
-0.23707370139882747,-0.26967233145831637,6
-0.13449504403329338,-0.19592841743082468,6
0.03674909106126523,-0.10300566479165342,6
-0.07820155799358743,8.1725650694702e-16,6
0.06835954442754556,0.10300566479164597,6
0.10591897265742434,0.19592841743082215,6
0.3972234961314245,0.26967233145831176,6
0.6912442045569575,0.3170188387650507,6
0.44427986755618526,0.3333333333333333,6
0.3942596694637021,0.3170188387650513,6
0.3951172331183536,0.2696723314583157,6
0.33622128331108464,0.19592841743082756,6
0.25383719705565727,0.10300566479164784,6
0.1973282361692286,2.7762787318250593e-15,6
0.1574067894819273,-0.10300566479164706,6
0.08932658097935242,-0.19592841743081924,6
-0.06578716694994975,-0.2696723314583152,6
-0.3880694181381323,-0.3170188387650496,6
-0.31908546459650505,-0.3333333333333333,6
-0.29617755063413315,-0.31701883876505094,6
-0.23707370139882852,-0.2696723314583178,6
-0.13449504403329202,-0.19592841743082282,6
0.036749091061268134,-0.10300566479165126,6
-0.07820155799359545,-1.6328623988631377e-15,6
0.06835954442753789,0.10300566479164364,6
0.10591897265742845,0.195928417430824,6
0.3972234961314187,0.2696723314583131,6
0.6912442045569519,0.3170188387650514,6
0.4442798675561872,0.3333333333333333,6
0.3942596694637033,0.31701883876505205,6
0.3951172331183515,0.2696723314583143,6
0.33622128331108664,0.19592841743082956,6
0.25383719705565994,0.10300566479165017,6
0.1973282361692292,5.226397637635217e-15,6
0.15740678948192346,-0.10300566479164924,6
0.08932658097934938,-0.1959284174308211,6
-0.06578716694995934,-0.26967233145831654,6
-0.3880694181381383,-0.31701883876505027,6
-0.3190854645965079,-0.3333333333333333,6
-0.2961775506341349,-0.3170188387650517,6
-0.23707370139883088,-0.26967233145831926,6
-0.1344950440332955,-0.19592841743082479,6
0.036749091061263395,-0.10300566479165359,6
-0.07820155799358479,6.539702670607061e-16,6
0.06835954442754798,0.10300566479164582,6
0.10591897265742749,0.19592841743082587,6
0.3972234961314352,0.26967233145831443,6
0.6912442045569556,0.3170188387650521,6
0.4442798675561825,0.3333333333333333,6
0.394259669463704,0.3170188387650528,6
0.3951172331183541,0.26967233145831576,6
0.3362212833110841,0.1959284174308277,6
0.2538371970556574,0.10300566479164798,6
0.19732823616922893,2.9395649717113733e-15,6
0.15740678948192285,-0.10300566479165141,6
0.08932658097934738,-0.19592841743082293,6
-0.06578716694996467,-0.26967233145831787,6
-0.3880694181381417,-0.317018838765051,6
-0.3190854645965095,-0.3333333333333333,6
-0.2961775506341378,-0.31701883876505393,6
-0.23707370139883066,-0.26967233145831787,6
-0.134495044033294,-0.19592841743082293,6
0.036749091061266594,-0.10300566479165141,6
-0.0782015579935886,2.9408029329845498e-15,6
0.06835954442754592,0.10300566479164798,6
0.10591897265742813,0.1959284174308277,6
0.39722349613143404,0.26967233145831576,6
0.6912442045569523,0.3170188387650499,6
0.444279867556183,0.3333333333333333,6
0.39425966946370367,0.3170188387650521,6
0.39511723311835834,0.26967233145832,6
0.33622128331108164,0.19592841743082587,6
0.2538371970556543,0.10300566479164582,6
0.19732823616922893,6.527323057875294e-16,6
0.15740678948192233,-0.10300566479165359,6
0.08932658097934536,-0.19592841743082479,6
-0.06578716694996438,-0.26967233145831365,6
-0.38806941813813783,-0.31701883876504877,6
-0.3190854645965076,-0.3333333333333333,6
-0.29617755063413637,-0.3170188387650532,6
-0.23707370139882866,-0.26967233145831654,6
-0.1344950440332985,-0.19592841743082876,6
0.036749091061266025,-0.10300566479164924,6
-0.07820155799358755,5.227635598908394e-15,6
0.06835954442754898,0.10300566479165017,6
0.10591897265741916,0.1959284174308219,6
0.3972234961314232,0.26967233145831154,6
0.6912442045569644,0.3170188387650506,6
0.44427986755618526,0.3333333333333333,6
0.39425966946370145,0.3170188387650514,6
0.3951172331183566,0.26967233145831865,6
0.33622128331108087,0.195928417430824,6
0.2538371970556618,0.10300566479165264,6
0.19732823616922449,-1.6341003601363144e-15,6
0.1574067894819262,-0.10300566479164674,6
0.08932658097935305,-0.19592841743081899,6
-0.06578716694994924,-0.269672331458315,6
-0.38806941813813217,-0.3170188387650495,6
-0.31908546459650505,-0.3333333333333333,6
-0.2961775506341347,-0.3170188387650525,6
-0.23707370139882653,-0.2696723314583152,6
-0.13449504403329526,-0.1959284174308269,6
0.036749091061270445,-0.10300566479164706,6
-0.07820155799360255,-1.959434878635765e-15,6
0.0683595444275331,0.10300566479164334,6
0.10591897265742732,0.19592841743082376,6
0.3972234961314092,0.2696723314583129,6
0.6912442045569525,0.3170188387650513,6
0.4442798675561898,0.3333333333333333,6
0.39425966946370167,0.3170188387650507,6
0.39511723311835406,0.2696723314583173,6
0.3362212833110793,0.19592841743082215,6
0.25383719705566093,0.10300566479165048,6
0.19732823616923267,5.552970117407845e-15,6
0.15740678948192235,-0.10300566479164892,6
0.08932658097934869,-0.19592841743082082,6
-0.06578716694996119,-0.26967233145831637,6
-0.38806941813813917,-0.3170188387650502,6
-0.3190854645965083,-0.3333333333333333,6
-0.29617755063413514,-0.3170188387650518,6
-0.23707370139882558,-0.2696723314583139,6
-0.13449504403329302,-0.19592841743082504,6
0.036749091061265116,-0.10300566479165389,6
-0.07820155799359696,-9.146505356179924e-15,6
0.06835954442754204,0.10300566479164551,6
0.10591897265742257,0.1959284174308256,6
0.397223496131419,0.26967233145831426,6
0.6912442045569608,0.31701883876505205,6
0.4442798675561866,0.3333333333333333,6
0.39425966946370034,0.31701883876505,6
0.39511723311835373,0.269672331458316,6
0.33622128331108564,0.19592841743082798,6
0.25383719705566654,0.1030056647916573,6
0.19732823616922548,3.2661374514840003e-15,6
0.1574067894819281,-0.10300566479164208,6
0.08932658097934969,-0.19592841743082268,6
-0.06578716694995641,-0.2696723314583177,6
-0.38806941813813683,-0.31701883876505094,6
-0.3190854645965073,-0.3333333333333333,6
-0.2961775506341341,-0.3170188387650511,6
-0.23707370139882936,-0.2696723314583181,6
-0.13449504403330068,-0.1959284174308309,6
0.03674909106126212,-0.10300566479165173,6
-0.07820155799359234,-6.85967269025608e-15,6
0.06835954442754852,0.10300566479164769,6
0.10591897265741257,0.1959284174308198,6
0.397223496131418,0.2696723314583156,6
0.6912442045569752,0.3170188387650527,6
0.4442798675561861,0.3333333333333333,6
0.394259669463701,0.3170188387650522,6
0.39511723311835806,0.2696723314583202,6
0.33622128331108286,0.19592841743082612,6
0.2538371970556635,0.10300566479165514,6
0.19732823616922557,9.79304785560157e-16,6
0.15740678948192754,-0.10300566479164426,6
0.08932658097934765,-0.19592841743082454,6
-0.06578716694995616,-0.2696723314583135,6
-0.38806941813813584,-0.3170188387650516,6
-0.3190854645965067,-0.3333333333333333,6
-0.29617755063413614,-0.3170188387650533,6
-0.2370737013988287,-0.26967233145831676,6
-0.1344950440332988,-0.19592841743082903,6
0.03674909106126554,-0.10300566479164953,6
-0.07820155799359646,-4.572840024332237e-15,6
0.06835954442754616,0.10300566479164985,6
0.10591897265741336,0.19592841743082165,6
0.39722349613141644,0.2696723314583169,6
0.6912442045569719,0.3170188387650505,6
0.4442798675561867,0.3333333333333333,6
0.39425966946370056,0.3170188387650515,6
0.39511723311835656,0.26967233145831887,6
0.33622128331108136,0.19592841743082426,6
0.2538371970556621,0.10300566479165296,6
0.19732823616922446,-1.3075278803636867e-15,6
0.15740678948192646,-0.10300566479164643,6
0.08932658097934565,-0.19592841743082637,6
-0.0657871669499619,-0.2696723314583148,6
-0.3880694181381366,-0.3170188387650494,6
-0.31908546459650705,-0.3333333333333333,6
-0.29617755063413553,-0.3170188387650526,6
-0.23707370139882714,-0.26967233145831543,6
-0.13449504403329604,-0.1959284174308272,6
0.03674909106126961,-0.10300566479164737,6
-0.0782015579936015,-2.2860073584083926e-15,6
0.06835954442754293,0.10300566479165203,6
0.10591897265741436,0.19592841743082348,6
0.3972234961314083,0.2696723314583127,6
0.6912442045569674,0.31701883876504827,6
0.4442798675561892,0.3333333333333333,6
0.39425966946370017,0.3170188387650508,6
0.3951172331183546,0.26967233145831754,6
0.33622128331108003,0.19592841743082243,6
0.2538371970556608,0.10300566479165078,6
0.19732823616922324,-3.594360546287531e-15,6
0.15740678948192538,-0.10300566479164862,6
0.08932658097935142,-0.19592841743082057,6
-0.06578716694994835,-0.2696723314583106,6
-0.38806941813813095,-0.3170188387650501,6
-0.31908546459650444,-0.3333333333333333,6
-0.2961775506341338,-0.31701883876505194,6
-0.237073701398825,-0.2696723314583141,6
-0.1344950440332928,-0.19592841743082534,6
0.036749091061274074,-0.10300566479164519,6
-0.0782015579936071,8.253075154511436e-19,6
0.0683595444275301,0.10300566479164519,6
0.1059189726574206,0.19592841743081765,6
0.3972234961313969,0.2696723314583141,6
0.6912442045569583,0.317018838765049,6
0.4442798675561928,0.3333333333333333,6
0.39425966946370306,0.31701883876505305,6
0.39511723311835184,0.26967233145831615,6
0.33622128331107765,0.19592841743082057,6
0.25383719705566016,0.10300566479164862,6
0.1973282361692317,3.592709931256628e-15,6
0.15740678948193018,-0.10300566479164179,6
0.08932658097934953,-0.19592841743082243,6
-0.06578716694994935,-0.26967233145831193,6
-0.388069418138131,-0.3170188387650508,6
-0.3190854645965045,-0.3333333333333333,6
-0.29617755063413315,-0.3170188387650512,6
-0.23707370139882897,-0.2696723314583183,6
-0.13449504403329293,-0.19592841743082348,6
0.0367490910612668,-0.10300566479165203,6
-0.07820155799359861,-7.186245170028708e-15,6
0.06835954442754182,0.10300566479164737,6
0.10591897265741503,0.19592841743081948,6
0.39722349613141,0.26967233145831543,6
0.6912442045569681,0.3170188387650497,6
0.4442798675561887,0.3333333333333333,6
0.39425966946370167,0.3170188387650523,6
0.39511723311835184,0.2696723314583148,6
0.33622128331108386,0.19592841743082637,6
0.2538371970556657,0.10300566479165545,6
0.19732823616922465,1.3058772653327845e-15,6
0.1574067894819269,-0.10300566479164396,6
0.08932658097934787,-0.19592841743082426,6
-0.06578716694995612,-0.2696723314583133,6
-0.3880694181381359,-0.3170188387650515,6
-0.3190854645965068,-0.3333333333333333,6
-0.2961775506341333,-0.3170188387650505,6
-0.23707370139882786,-0.2696723314583169,6
-0.13449504403329818,-0.1959284174308293,6
0.036749091061265705,-0.10300566479164985,6
-0.0782015579935968,-4.899412504104864e-15,6
0.06835954442754558,0.10300566479164953,6
0.1059189726574135,0.19592841743082134,6
0.39722349613141555,0.26967233145831676,6
0.6912442045569714,0.3170188387650504,6
0.444279867556187,0.3333333333333333,6
0.39425966946370067,0.3170188387650516,6
0.3951172331183566,0.26967233145831904,6
0.3362212833110893,0.1959284174308322,6
0.2538371970556607,0.10300566479165328,6
0.19732823616922143,-9.809554005910593e-16,6
0.15740678948192838,-0.10300566479164613,6
0.08932658097934698,-0.19592841743082612,6
-0.06578716694995786,-0.26967233145831465,6
-0.3880694181381373,-0.3170188387650522,6
-0.31908546459650744,-0.3333333333333333,6
-0.2961775506341358,-0.3170188387650527,6
-0.23707370139883308,-0.2696723314583212,6
-0.13449504403329948,-0.19592841743082745,6
0.03674909106125762,-0.10300566479165668,6
-0.0782015579935777,-2.61257983818102e-15,6
0.06835954442756155,0.10300566479165173,6
0.10591897265741328,0.1959284174308232,6
0.39722349613144264,0.2696723314583181,6
0.6912442045569748,0.3170188387650511,6
0.4442798675561794,0.3333333333333333,6
0.3942596694637032,0.3170188387650538,6
0.395117233118357,0.2696723314583177,6
0.3362212833110865,0.19592841743083034,6
0.253837197055659,0.10300566479165109,6
0.19732823616923056,6.206115076953099e-15,6
0.15740678948192457,-0.1030056647916483,6
0.0893265809793502,-0.19592841743082032,6
-0.06578716694995645,-0.269672331458316,6
-0.38806941813813634,-0.31701883876505,6
-0.319085464596507,-0.3333333333333333,6
-0.2961775506341378,-0.31701883876505493,6
-0.23707370139882686,-0.26967233145831426,6
-0.13449504403329463,-0.1959284174308256,6
0.036749091061263395,-0.10300566479165452,6
-0.07820155799359475,-9.79965031572518e-15,6
0.06835954442755275,0.10300566479165389,6
0.1059189726574093,0.19592841743082504,6
0.3972234961314189,0.2696723314583139,6
0.691244204556979,0.3170188387650518,6
0.44427986755618565,0.3333333333333333,6
0.3942596694637015,0.31701883876505316,6
0.39511723311835983,0.2696723314583219,6
0.33622128331107715,0.19592841743082082,6
0.2538371970556578,0.10300566479164892,6
0.19732823616923315,3.919282411029256e-15,6
0.15740678948193135,-0.10300566479164147,6
0.08932658097935002,-0.19592841743082215,6
-0.06578716694994735,-0.26967233145831176,6
-0.3880694181381268,-0.3170188387650478,6
-0.3190854645965024,-0.3333333333333333,6
-0.2961775506341325,-0.3170188387650513,6
-0.23707370139882875,-0.2696723314583185,6
-0.13449504403330062,-0.19592841743083142,6
0.03674909106127061,-0.10300566479164332,6
-0.07820155799360193,1.9610854936666674e-15,6
0.06835954442753689,0.10300566479164706,6
0.10591897265741813,0.19592841743081924,6
0.39722349613140584,0.2696723314583152,6
0.6912442045569632,0.3170188387650496,6
0.4442798675561901,0.3333333333333333,6
0.3942596694636992,0.3170188387650495,6
0.39511723311835206,0.269672331458315,6
0.336221283311085,0.19592841743082665,6
0.2538371970556657,0.10300566479165575,6
0.19732823616922446,1.6324497451054121e-15,6
0.15740678948192735,-0.10300566479164364,6
0.08932658097935597,-0.19592841743081635,6
-0.06578716694993576,-0.26967233145830755,6
-0.3880694181381257,-0.3170188387650514,6
-0.31908546459650206,-0.3333333333333333,6
-0.2961775506341346,-0.31701883876505355,6
-0.23707370139882253,-0.26967233145831154,6
-0.13449504403328813,-0.1959284174308219,6
0.0367490910612722,-0.10300566479165017,6
-0.07820155799360577,-5.225984983877492e-15,6
0.06835954442753632,0.10300566479164924,6
0.10591897265741668,0.1959284174308211,6
0.3972234961313988,0.269672331458311,6
0.6912442045569623,0.3170188387650474,6
0.4442798675561921,0.3333333333333333,6
0.39425966946370145,0.3170188387650517,6
0.3951172331183554,0.26967233145831926,6
0.3362212833110818,0.19592841743082479,6
0.25383719705566304,0.10300566479165359,6
0.197328236169234,8.819520222649571e-15,6
0.15740678948193296,-0.10300566479163681,6
0.08932658097934658,-0.19592841743082587,6
-0.06578716694995486,-0.26967233145831443,6
-0.3880694181381316,-0.31701883876504916,6
-0.31908546459650466,-0.3333333333333333,6
-0.2961775506341319,-0.3170188387650499,6
-0.237073701398826,-0.26967233145831576,6
-0.1344950440332954,-0.1959284174308277,6
0.03674909106126948,-0.10300566479164798,6
-0.07820155799360154,-2.939152317953648e-15,6
0.06835954442753339,0.1030056647916424,6
0.10591897265741951,0.19592841743081527,6
0.39722349613140456,0.26967233145831787,6
0.6912442045569627,0.317018838765051,6
0.4442798675561905,0.3333333333333333,6
0.3942596694637008,0.317018838765051,6
0.39511723311835456,0.26967233145831787,6
0.33622128331108797,0.1959284174308306,6
0.2538371970556688,0.10300566479166041,6
0.19732823616921746,-2.9412155867422755e-15,6
0.15740678948192316,-0.10300566479164798,6
0.08932658097935216,-0.19592841743082004,6
-0.06578716694994839,-0.2696723314583102,6
-0.3880694181381343,-0.3170188387650528,6
-0.3190854645965061,-0.3333333333333333,6
-0.29617755063413465,-0.3170188387650521,6
-0.23707370139882578,-0.26967233145831443,6
-0.13449504403329385,-0.19592841743082587,6
0.03674909106126365,-0.10300566479165484,6
-0.07820155799359521,-1.0126222795497807e-14,6
0.06835954442755206,0.10300566479165359,6
0.1059189726574095,0.19592841743082479,6
0.39722349613141783,0.26967233145831365,6
0.6912442045569754,0.31701883876504877,6
0.4442798675561861,0.3333333333333333,6
0.39425966946370194,0.3170188387650532,6
0.39511723311835983,0.26967233145832215,6
0.3362212833110772,0.1959284174308211,6
0.2538371970556581,0.10300566479164923,6
0.19732823616923334,4.2458548908018835e-15,6
0.15740678948193146,-0.10300566479164115,6
0.08932658097934258,-0.19592841743082956,6
-0.06578716694996574,-0.26967233145831715,6
-0.3880694181381387,-0.3170188387650506,6
-0.319085464596508,-0.3333333333333333,6
-0.2961775506341347,-0.3170188387650514,6
-0.2370737013988302,-0.26967233145831865,6
-0.13449504403330198,-0.19592841743083167,6
0.0367490910612693,-0.10300566479164364,6
-0.07820155799360011,1.63451301389404e-15,6
0.06835954442753837,0.10300566479164674,6
0.10591897265741773,0.19592841743081899,6
0.39722349613140756,0.269672331458315,6
0.6912442045569639,0.3170188387650495,6
0.4442798675561896,0.3333333333333333,6
0.3942596694637051,0.31701883876505543,6
0.3951172331183515,0.2696723314583152,6
0.3362212833110833,0.1959284174308269,6
0.25383719705566654,0.10300566479165607,6
0.1973282361692158,-7.514880918589963e-15,6
0.15740678948192047,-0.10300566479165234,6
0.08932658097934794,-0.19592841743082376,6
-0.0657871669499605,-0.2696723314583129,6
-0.38806941813813917,-0.3170188387650513,6
-0.3190854645965083,-0.3333333333333333,6
-0.29617755063413703,-0.3170188387650536,6
-0.2370737013988353,-0.26967233145832287,6
-0.13449504403329554,-0.19592841743082215,6
0.036749091061266136,-0.10300566479165048,6
-0.07820155799359695,-5.552557463650119e-15,6
0.06835954442754451,0.10300566479164892,6
0.10591897265741433,0.19592841743082082,6
0.3972234961314089,0.26967233145831077,6
0.6912442045569666,0.3170188387650473,6
0.44427986755618903,0.3333333333333333,6
0.3942596694637013,0.3170188387650518,6
0.3951172331183564,0.2696723314583194,6
0.33622128331108964,0.19592841743083275,6
0.25383719705565233,0.10300566479164487,6
0.1973282361692247,-3.278104410458042e-16,6
0.15740678948193257,-0.10300566479164551,6
0.0893265809793482,-0.1959284174308256,6
-0.06578716694995217,-0.26967233145831426,6
-0.38806941813813056,-0.3170188387650491,6
-0.3190854645965042,-0.3333333333333333,6
-0.2961775506341318,-0.31701883876505,6
-0.23707370139882614,-0.269672331458316,6
-0.13449504403329574,-0.19592841743082798,6
0.03674909106125993,-0.1030056647916573,6
-0.0782015579935813,-3.2657247977262754e-15,6
0.06835954442754859,0.10300566479164208,6
0.10591897265741951,0.19592841743081502,6
0.39722349613142915,0.2696723314583177,6
0.6912442045569648,0.31701883876505094,6
0.44427986755618365,0.3333333333333333,6
0.3942596694637041,0.31701883876505405,6
0.39511723311835056,0.26967233145831254,6
0.3362212833110801,0.1959284174308232,6
0.2538371970556632,0.10300566479165173,6
0.1973282361692328,6.859260036498354e-15,6
0.15740678948192224,-0.10300566479164769,6
0.08932658097934972,-0.1959284174308198,6
-0.0657871669499532,-0.26967233145831004,6
-0.3880694181381361,-0.3170188387650527,6
-0.31908546459650694,-0.3333333333333333,6
-0.296177550634138,-0.31701883876505516,6
-0.2370737013988384,-0.26967233145832575,6
-0.1344950440333013,-0.19592841743082612,6
0.036749091061257566,-0.10300566479165514,6
-0.07820155799358638,-1.0452795275270434e-14,6
0.06835954442754227,0.10300566479163525,6
0.10591897265743246,0.19592841743082454,6
0.39722349613143143,0.2696723314583135,6
0.6912442045569448,0.3170188387650487,6
0.4442798675561841,0.3333333333333333,6
0.3942596694637026,0.3170188387650504,6
0.39511723311835484,0.26967233145831676,6
0.33622128331108575,0.19592841743082903,6
0.25383719705564933,0.10300566479164053,6
0.19732823616922313,-4.901475772893492e-15,6
0.15740678948193035,-0.10300566479164985,6
0.08932658097935171,-0.19592841743082165,6
-0.0657871669499448,-0.2696723314583114,6
-0.38806941813812584,-0.3170188387650476,6
-0.319085464596502,-0.3333333333333333,6
-0.29617755063413254,-0.3170188387650515,6
-0.23707370139882908,-0.26967233145831887,6
-0.13449504403330134,-0.19592841743083192,6
0.03674909106125146,-0.10300566479166197,6
-0.07820155799356142,1.3079405341214123e-15,6
0.06835954442756734,0.10300566479164643,6
0.10591897265741802,0.1959284174308187,6
0.3972234961314605,0.2696723314583204,6
0.691244204556971,0.3170188387650523,6
0.4442798675561747,0.3333333333333333,6
0.3942596694637028,0.3170188387650526,6
0.3951172331183504,0.2696723314583098,6
0.33622128331107687,0.19592841743081948,6
0.2538371970556596,0.10300566479164737,6
0.1973282361692311,2.285594704650667e-15,6
0.1574067894819294,-0.10300566479164303,6
0.08932658097935613,-0.1959284174308158,6
-0.06578716694993351,-0.26967233145830716,6
-0.38806941813812385,-0.3170188387650512,6
-0.3190854645965012,-0.3333333333333333,6
-0.2961775506341344,-0.3170188387650537,6
-0.2370737013988339,-0.2696723314583231,6
-0.13449504403329468,-0.19592841743082243,6
0.03674909106126654,-0.10300566479165078,6
-0.0782015579935977,-5.8791299434227465e-15,6
0.06835954442753457,0.1030056647916396,6
0.10591897265743493,0.19592841743082823,6
0.39722349613142477,0.2696723314583162,6
0.6912442045569422,0.3170188387650501,6
0.4442798675561861,0.3333333333333333,6
0.39425966946370133,0.317018838765049,6
0.39511723311835184,0.2696723314583141,6
0.336221283311083,0.19592841743082534,6
0.2538371970556647,0.1030056647916542,6
0.19732823616923365,9.472665182194827e-15,6
0.1574067894819328,-0.10300566479163618,6
0.08932658097936248,-0.19592841743081,6
-0.06578716694992674,-0.2696723314583141,6
-0.38806941813812096,-0.317018838765049,6
-0.3190854645964999,-0.3333333333333333,6
-0.2961775506341303,-0.3170188387650501,6
-0.23707370139882541,-0.26967233145831615,6
-0.13449504403329537,-0.19592841743082823,6
0.03674909106125992,-0.10300566479165763,6
-0.07820155799357194,5.8816058659690995e-15,6
0.06835954442756043,0.1030056647916508,6
0.10591897265742023,0.19592841743082243,6
0.3972234961314436,0.26967233145831193,6
0.6912442045569679,0.3170188387650537,6
0.4442798675561795,0.3333333333333333,6
0.3942596694637013,0.3170188387650512,6
0.3951172331183579,0.2696723314583183,6
0.33622128331108786,0.19592841743083114,6
0.2538371970556683,0.10300566479166105,6
0.19732823616923723,1.6659735659738984e-14,6
0.15740678948191866,-0.10300566479164737,6
0.0893265809793482,-0.19592841743081948,6
-0.06578716694995841,-0.2696723314583099,6
-0.38806941813813317,-0.3170188387650468,6
-0.3190854645965054,-0.3333333333333333,6
-0.2961775506341346,-0.3170188387650523,6
-0.2370737013988317,-0.2696723314583204,6
-0.13449504403328982,-0.1959284174308187,6
0.03674909106127414,-0.10300566479164643,6
-0.07820155799360697,-1.3054646115750589e-15,6
0.06835954442752885,0.10300566479164396,6
0.10591897265743679,0.19592841743083192,6
0.39722349613142055,0.26967233145831887,6
0.6912442045569406,0.3170188387650515,6
0.44427986755618737,0.3333333333333333,6
0.3942596694637059,0.31701883876505343,6
0.3951172331183593,0.26967233145832253,6
0.33622128331109186,0.19592841743083697,6
0.2538371970556558,0.10300566479164985,6
0.1973282361692277,4.8989998503471384e-15,6
0.1574067894819349,-0.10300566479164053,6
0.08932658097936037,-0.19592841743081368,6
-0.06578716694993143,-0.26967233145831676,6
-0.3880694181381245,-0.3170188387650504,6
-0.3190854645965016,-0.3333333333333333,6
-0.29617755063413537,-0.31701883876505454,6
-0.23707370139882475,-0.2696723314583135,6
-0.13449504403329207,-0.19592841743082454,6
0.03674909106126643,-0.10300566479165328,6
-0.07820155799357968,1.0455271197816788e-14,6
0.0683595444275562,0.10300566479165514,6
0.10591897265742163,0.19592841743082612,6
0.3972234961314413,0.26967233145831465,6
0.6912442045569613,0.31701883876504927,6
0.44427986755618054,0.3333333333333333,6
0.3942596694637064,0.31701883876505565,6
0.3951172331183652,0.26967233145832675,6
0.3362212833110812,0.19592841743082745,6
0.2538371970556628,0.10300566479165668,6
0.1973282361692377,1.2086070327891295e-14,6
0.15740678948191708,-0.10300566479165173,6
0.08932658097934405,-0.1959284174308232,6
-0.06578716694996951,-0.26967233145831254,6
-0.3880694181381403,-0.31701883876504816,6
-0.3190854645965087,-0.3333333333333333,6
-0.2961775506341345,-0.31701883876505094,6
-0.23707370139882922,-0.2696723314583177,6
-0.13449504403330012,-0.19592841743083034,6
0.03674909106127211,-0.10300566479164208,6
-0.07820155799360358,3.2682007202726288e-15,6
0.06835954442753618,0.1030056647916483,6
0.10591897265741845,0.19592841743082032,6
0.3972234961314003,0.26967233145831043,6
0.6912442045569599,0.31701883876504705,6
0.4442798675561918,0.3333333333333333,6
0.394259669463702,0.31701883876505205,6
0.39511723311835595,0.2696723314583198,6
0.33622128331109,0.19592841743083325,6
0.25383719705567104,0.10300566479166352,6
0.19732823616921902,3.253345184994508e-16,6
0.15740678948192463,-0.1030056647916449,6
0.08932658097935502,-0.19592841743081738,6
-0.06578716694995146,-0.2696723314583194,6
-0.38806941813813767,-0.3170188387650518,6
-0.3190854645965077,-0.3333333333333333,6
-0.29617755063413626,-0.31701883876505316,6
-0.23707370139882286,-0.26967233145831077,6
-0.1344950440332875,-0.19592841743082082,6
0.03674909106127383,-0.10300566479164892,6
-0.07820155799360763,-3.91886975727153e-15,6
0.06835954442752644,0.10300566479164147,6
0.10591897265742202,0.1959284174308145,6
0.3972234961313848,0.2696723314583062,6
0.6912442045569572,0.3170188387650507,6
0.44427986755619625,0.3333333333333333,6
0.39425966946370417,0.31701883876505427,6
0.3951172331183587,0.26967233145832403,6
0.33622128331107937,0.19592841743082376,6
0.2538371970556611,0.10300566479165234,6
0.19732823616923456,7.512404996043609e-15,6
0.15740678948191464,-0.10300566479165607,6
0.0893265809793401,-0.1959284174308269,6
-0.0657871669499811,-0.2696723314583152,6
-0.3880694181381479,-0.3170188387650496,6
-0.31908546459651227,-0.3333333333333333,6
-0.29617755063413437,-0.3170188387650495,6
-0.2370737013988268,-0.269672331458315,6
-0.13449504403329512,-0.19592841743082665,6
0.03674909106126182,-0.10300566479165575,6
-0.07820155799359294,-1.110594023481569e-14,6
0.06835954442753553,0.10300566479163463,6
0.10591897265743445,0.195928417430824,6
0.39722349613142266,0.2696723314583131,6
0.691244204556941,0.3170188387650485,6
0.44427986755618676,0.3333333333333333,6
0.39425966946370306,0.3170188387650506,6
0.3951172331183545,0.26967233145831715,6
0.33622128331108625,0.19592841743082956,6
0.253837197055668,0.10300566479165918,6
0.19732823616921724,-4.2483308133482365e-15,6
0.1574067894819224,-0.10300566479164924,6
0.08932658097935094,-0.1959284174308211,6
-0.06578716694996305,-0.26967233145832215,6
-0.3880694181381452,-0.3170188387650532,6
-0.31908546459651127,-0.3333333333333333,6
-0.2961775506341362,-0.3170188387650517,6
-0.23707370139883163,-0.26967233145831926,6
-0.13449504403330378,-0.19592841743083245,6
0.036749091061249094,-0.10300566479166258,6
-0.0782015579935772,-1.8293010712359848e-14,6
0.06835954442756369,0.10300566479164582,6
0.1059189726574058,0.1959284174308182,6
0.39722349613142716,0.2696723314583089,6
0.6912442045569849,0.3170188387650521,6
0.44427986755618304,0.3333333333333333,6
0.3942596694637008,0.3170188387650528,6
0.39511723311836006,0.26967233145832137,6
0.33622128331107665,0.19592841743082004,6
0.2538371970556569,0.10300566479164798,6
0.19732823616923267,2.938739664195922e-15,6
0.15740678948193104,-0.1030056647916424,6
0.08932658097934154,-0.1959284174308306,6
-0.06578716694996867,-0.26967233145831787,6
-0.3880694181381406,-0.317018838765051,6
-0.3190854645965089,-0.3333333333333333,6
-0.2961775506341376,-0.31701883876505393,6
-0.23707370139883613,-0.2696723314583235,6
-0.13449504403331222,-0.1959284174308383,6
0.036749091061254534,-0.10300566479165141,6
-0.07820155799358185,-6.532274902968001e-15,6
0.0683595444275503,0.10300566479163899,6
0.10591897265741389,0.19592841743081238,6
0.3972234961314227,0.26967233145831576,6
0.691244204556971,0.3170188387650499,6
0.44427986755618504,0.3333333333333333,6
0.39425966946369845,0.31701883876504916,6
0.39511723311835295,0.26967233145831443,6
0.3362212833110843,0.19592841743082587,6
0.2538371970556646,0.10300566479165484,6
0.1973282361692147,-8.821996145195923e-15,6
0.15740678948192066,-0.10300566479165359,6
0.08932658097934716,-0.19592841743082479,6
-0.06578716694996249,-0.26967233145831365,6
-0.3880694181381376,-0.31701883876504877,6
-0.3190854645965075,-0.3333333333333333,6
-0.29617755063413925,-0.31701883876505615,6
-0.2370737013988297,-0.26967233145831654,6
-0.1344950440332995,-0.19592841743082876,6
0.03674909106125629,-0.10300566479165824,6
-0.07820155799358593,-1.371934538051216e-14,6
0.0683595444275585,0.10300566479165017,6
0.10591897265740748,0.1959284174308219,6
0.3972234961314236,0.26967233145831154,6
0.6912442045569778,0.31701883876504766,6
0.44427986755618437,0.3333333333333333,6
0.3942596694637,0.3170188387650514,6
0.39511723311835706,0.26967233145831865,6
0.3362212833110736,0.19592841743081635,6
0.2538371970556543,0.10300566479164364,6
0.19732823616923045,-1.6349256676517653e-15,6
0.1574067894819288,-0.10300566479164674,6
0.08932658097935282,-0.19592841743081899,6
-0.06578716694994206,-0.26967233145830943,6
-0.38806941813812346,-0.31701883876504655,6
-0.31908546459650083,-0.3333333333333333,6
-0.2961775506341331,-0.3170188387650525,6
-0.2370737013988311,-0.26967233145832076,6
-0.13449504403330517,-0.19592841743083458,6
0.03674909106126375,-0.10300566479164706,6
-0.07820155799359345,-1.958609571120314e-15,6
0.06835954442754232,0.10300566479164334,6
0.10591897265741644,0.1959284174308161,6
0.39722349613141567,0.2696723314583185,6
0.6912442045569683,0.3170188387650513,6
0.44427986755618715,0.3333333333333333,6
0.39425966946370306,0.3170188387650536,6
0.395117233118349,0.26967233145831176,6
0.33622128331107964,0.19592841743082215,6
0.2538371970556626,0.10300566479165048,6
0.19732823616923198,5.552144809892393e-15,6
0.1574067894819306,-0.10300566479163992,6
0.0893265809793589,-0.19592841743081316,6
-0.06578716694992585,-0.2696723314583052,6
-0.3880694181381188,-0.3170188387650502,6
-0.31908546459649884,-0.3333333333333333,6
-0.29617755063413453,-0.3170188387650547,6
-0.23707370139883568,-0.269672331458325,6
-0.1344950440332983,-0.19592841743082504,6
0.03674909106126095,-0.10300566479165389,6
-0.0782015579935908,-9.145680048664473e-15,6
0.06835954442755693,0.10300566479165452,6
0.10591897265740817,0.1959284174308256,6
0.39722349613142455,0.26967233145831426,6
0.6912442045569783,0.3170188387650491,6
0.4442798675561841,0.3333333333333333,6
0.39425966946369856,0.31701883876505,6
0.3951172331183547,0.269672331458316,6
0.3362212833110861,0.19592841743082798,6
0.2538371970556661,0.1030056647916573,6
0.19732823616923498,1.2739215287436553e-14,6
0.15740678948193476,-0.10300566479163309,6
0.08932658097935009,-0.19592841743082268,6
-0.06578716694994506,-0.26967233145831215,6
-0.38806941813812523,-0.317018838765048,6
-0.3190854645965017,-0.3333333333333333,6
-0.29617755063413204,-0.3170188387650511,6
-0.23707370139882813,-0.2696723314583181,6
-0.13449504403329973,-0.1959284174308309,6
0.03674909106127185,-0.1030056647916427,6
-0.07820155799360347,2.6150557607273734e-15,6
0.06835954442753585,0.10300566479164769,6
0.10591897265741851,0.1959284174308198,6
0.39722349613141056,0.2696723314583212,6
0.6912442045569663,0.3170188387650527,6
0.4442798675561886,0.3333333333333333,6
0.3942596694637017,0.3170188387650522,6
0.3951172331183572,0.2696723314583202,6
0.3362212833110904,0.19592841743083378,6
0.25383719705567115,0.10300566479166413,6
0.1973282361692195,9.784794780447059e-16,6
0.15740678948192507,-0.10300566479164426,6
0.08932658097935564,-0.19592841743081688,6
-0.06578716694993847,-0.2696723314583079,6
-0.38806941813812773,-0.3170188387650516,6
-0.31908546459650305,-0.3333333333333333,6
-0.2961775506341347,-0.3170188387650533,6
-0.23707370139883344,-0.2696723314583223,6
-0.1344950440332934,-0.19592841743082134,6
0.03674909106126859,-0.10300566479164953,6
-0.07820155799360014,-4.572014716816785e-15,6
0.06835954442755114,0.10300566479165886,6
0.10591897265741007,0.1959284174308293,6
0.3972234961314203,0.2696723314583169,6
0.6912442045569768,0.3170188387650505,6
0.44427986755618537,0.3333333333333333,6
0.39425966946370306,0.31701883876505443,6
0.39511723311836217,0.2696723314583244,6
0.33622128331109497,0.19592841743083958,6
0.25383719705565727,0.10300566479165296,6
0.19732823616922912,8.165549955588864e-15,6
0.1574067894819368,-0.10300566479163743,6
0.08932658097934802,-0.19592841743082637,6
-0.06578716694994984,-0.2696723314583148,6
-0.38806941813812895,-0.3170188387650494,6
-0.31908546459650344,-0.3333333333333333,6
-0.29617755063413126,-0.3170188387650497,6
-0.2370737013988253,-0.26967233145831543,6
-0.1344950440332944,-0.1959284174308272,6
0.036749091061261785,-0.10300566479165639,6
-0.07820155799357414,7.188721092575062e-15,6
0.0683595444275592,0.10300566479165203,6
0.10591897265742066,0.19592841743082348,6
0.3972234961314429,0.2696723314583127,6
0.6912442045569618,0.31701883876504827,6
0.44427986755618004,0.3333333333333333,6
0.39425966946370733,0.31701883876505665,6
0.39511723311835606,0.26967233145831754,6
0.3362212833110851,0.1959284174308301,6
0.2538371970556683,0.10300566479165979,6
0.19732823616923723,1.5352620433133023e-14,6
0.15740678948191741,-0.10300566479164862,6
0.08932658097934676,-0.19592841743082057,6
-0.06578716694996263,-0.2696723314583106,6
-0.38806941813814166,-0.31701883876505305,6
-0.3190854645965095,-0.3333333333333333,6
-0.29617755063413576,-0.31701883876505194,6
-0.23707370139883166,-0.26967233145831965,6
-0.1344950440332889,-0.19592841743081765,6
0.03674909106127594,-0.10300566479164519,6
-0.07820155799360905,1.6506150309022872e-18,6
0.06835954442752773,0.10300566479164519,6
0.10591897265742188,0.19592841743081768,6
0.397223496131389,0.2696723314583085,6
0.691244204556953,0.31701883876504605,6
0.44427986755619525,0.3333333333333333,6
0.3942596694637035,0.31701883876505305,6
0.3951172331183567,0.26967233145832176,6
0.336221283311092,0.1959284174308359,6
0.2538371970556555,0.10300566479164862,6
0.19732823616922648,3.591884623741177e-15,6
0.1574067894819341,-0.10300566479164179,6
0.08932658097935924,-0.19592841743081477,6
-0.06578716694993487,-0.26967233145831754,6
-0.38806941813812673,-0.3170188387650508,6
-0.3190854645965026,-0.3333333333333333,6
-0.29617755063412954,-0.31701883876504827,6
-0.2370737013988219,-0.2696723314583127,6
-0.13449504403328863,-0.19592841743082348,6
0.03674909106127011,-0.10300566479165203,6
-0.07820155799360344,-7.185419862513256e-15,6
0.06835954442752813,0.10300566479163836,6
0.10591897265742144,0.19592841743081182,6
0.3972234961313849,0.26967233145830427,6
0.6912442045569569,0.3170188387650497,6
0.44427986755619625,0.3333333333333333,6
0.3942596694637052,0.31701883876505527,6
0.3951172331183493,0.2696723314583148,6
0.33622128331108314,0.19592841743082637,6
0.25383719705566676,0.10300566479165545,6
0.19732823616923412,1.0778955101285335e-14,6
0.15740678948191475,-0.10300566479165296,6
0.0893265809793428,-0.19592841743082426,6
-0.06578716694997429,-0.2696723314583133,6
-0.3880694181381435,-0.3170188387650486,6
-0.3190854645965102,-0.3333333333333333,6
-0.2961775506341346,-0.3170188387650505,6
-0.23707370139882863,-0.2696723314583169,6
-0.1344950440332988,-0.1959284174308293,6
0.036749091061256234,-0.10300566479165886,6
-0.07820155799358604,-1.4372490340057416e-14,6
0.06835954442753989,0.10300566479163153,6
0.10591897265743301,0.19592841743082134,6
0.397223496131426,0.2696723314583112,6
0.6912442045569422,0.3170188387650475,6
0.4442798675561858,0.3333333333333333,6
0.394259669463704,0.3170188387650516,6
0.3951172331183565,0.26967233145831904,6
0.3362212833110882,0.1959284174308322,6
0.25383719705565194,0.10300566479164426,6
0.19732823616922487,-9.817807081065104e-16,6
0.15740678948193215,-0.10300566479164613,6
0.08932658097935524,-0.19592841743081846,6
-0.06578716694994609,-0.2696723314583202,6
-0.38806941813813406,-0.3170188387650522,6
-0.31908546459650605,-0.3333333333333333,6
-0.29617755063413526,-0.3170188387650527,6
-0.23707370139883274,-0.2696723314583212,6
-0.13449504403330687,-0.1959284174308351,6
0.03674909106124391,-0.10300566479166569,6
-0.07820155799355198,-2.611754530665569e-15,6
0.06835954442757372,0.1030056647916427,6
0.10591897265741596,0.19592841743081554,6
0.39722349613145475,0.269672331458307,6
0.6912442045569721,0.3170188387650511,6
0.44427986755617616,0.3333333333333333,6
0.3942596694637037,0.3170188387650538,6
0.3951172331183522,0.26967233145831215,6
0.3362212833110794,0.19592841743082268,6
0.25383719705566216,0.10300566479165109,6
0.1973282361692329,6.205289769437649e-15,6
0.15740678948191328,-0.1030056647916573,6
0.08932658097933883,-0.19592841743082798,6
-0.0657871669499851,-0.269672331458316,6
-0.38806941813815055,-0.31701883876505,6
-0.3190854645965135,-0.3333333333333333,6
-0.2961775506341403,-0.31701883876505493,6
-0.23707370139883943,-0.2696723314583254,6
-0.1344950440333017,-0.1959284174308256,6
0.03674909106125782,-0.10300566479165452,6
-0.07820155799358654,-9.798825008209728e-15,6
0.0683595444275426,0.10300566479163588,6
0.10591897265743237,0.19592841743082504,6
0.3972234961314322,0.2696723314583139,6
0.6912442045569452,0.3170188387650489,6
0.44427986755618387,0.3333333333333333,6
0.39425966946370244,0.3170188387650502,6
0.39511723311835456,0.26967233145831637,6
0.3362212833110853,0.19592841743082848,6
0.2538371970556489,0.10300566479163992,6
0.19732823616922276,-5.555446039954198e-15,6
0.15740678948193007,-0.10300566479165048,6
0.08932658097935124,-0.19592841743082215,6
-0.06578716694994624,-0.26967233145831176,6
-0.3880694181381268,-0.3170188387650478,6
-0.31908546459650244,-0.3333333333333333,6
-0.29617755063413836,-0.31701883876505715,6
-0.23707370139883086,-0.2696723314583185,6
-0.13449504403330267,-0.19592841743083142,6
0.03674909106125109,-0.10300566479166134,6
-0.07820155799356067,1.9619108011821185e-15,6
0.06835954442756854,0.10300566479164706,6
0.10591897265741766,0.19592841743081924,6
0.3972234961314512,0.26967233145830966,6
0.691244204556971,0.3170188387650525,6
0.4442798675561772,0.3333333333333333,6
0.3942596694637024,0.31701883876505244,6
0.39511723311836056,0.2696723314583206,6
0.33622128331107487,0.19592841743081899,6
0.2538371970556558,0.10300566479164674,6
0.19732823616923256,1.6316244375899608e-15,6
0.15740678948193043,-0.10300566479164364,6
0.08932658097935553,-0.19592841743081635,6
-0.06578716694993418,-0.26967233145830755,6
-0.3880694181381183,-0.31701883876504555,6
-0.31908546459649845,-0.3333333333333333,6
-0.29617755063413326,-0.31701883876505355,6
-0.23707370139883288,-0.2696723314583227,6
-0.13449504403330878,-0.19592841743083722,6
0.0367490910612582,-0.10300566479165017,6
-0.0782015579935866,-5.22515967636204e-15,6
0.06835954442754659,0.10300566479164024,6
0.10591897265743039,0.19592841743082876,6
0.39722349613143887,0.26967233145831654,6
0.6912442045569498,0.31701883876505027,6
0.4442798675561818,0.3333333333333333,6
0.3942596694637006,0.31701883876504877,6
0.39511723311835273,0.26967233145831365,6
0.33622128331108253,0.19592841743082479,6
0.2538371970556639,0.10300566479165359,6
0.19732823616923334,8.81869491513412e-15,6
0.1574067894819327,-0.10300566479163681,6
0.08932658097936197,-0.19592841743081055,6
-0.0657871669499281,-0.26967233145831443,6
-0.38806941813812185,-0.31701883876504916,6
-0.3190854645965003,-0.3333333333333333,6
-0.29617755063413614,-0.31701883876505577,6
-0.2370737013988272,-0.26967233145831576,6
-0.13449504403329665,-0.1959284174308277,6
0.036749091061259585,-0.103005664791657,6
-0.0782015579935902,-1.2412230153906198e-14,6
0.06835954442755528,0.10300566479165141,6
0.10591897265740846,0.19592841743082293,6
0.39722349613142044,0.2696723314583123,6
0.6912442045569764,0.31701883876504805,6
0.44427986755618537,0.3333333333333333,6
0.39425966946369967,0.317018838765051,6
0.3951172331183561,0.26967233145831787,6
0.3362212833110881,0.1959284174308306,6
0.25383719705566826,0.10300566479166041,6
0.19732823616923653,1.600576539267828e-14,6
0.1574067894819182,-0.10300566479164798,6
0.08932658097936293,-0.19592841743080472,6
-0.06578716694993332,-0.2696723314583102,6
-0.3880694181381303,-0.3170188387650528,6
-0.3190854645965044,-0.3333333333333333,6
-0.296177550634134,-0.3170188387650521,6
-0.2370737013988198,-0.2696723314583089,6
-0.13449504403329823,-0.19592841743083353,6
0.036749091061270354,-0.10300566479164582,6
-0.0782015579936216,-1.959930063145036e-14,6
0.06835954442752812,0.10300566479164458,6
0.10591897265742267,0.19592841743083245,6
0.39722349613139035,0.2696723314583081,6
0.6912442045569577,0.3170188387650517,6
0.4442798675561947,0.3333333333333333,6
0.3942596694637032,0.3170188387650532,6
0.3951172331183573,0.26967233145832215,6
0.3362212833110772,0.1959284174308211,6
0.253837197055677,0.10300566479166724,6
0.19732823616922698,4.245029583286432e-15,6
0.15740678948194098,-0.10300566479162314,6
0.0893265809793617,-0.19592841743081424,6
-0.06578716694992486,-0.26967233145831715,6
-0.38806941813811463,-0.3170188387650447,6
-0.31908546459649684,-0.3333333333333333,6
-0.29617755063412754,-0.3170188387650485,6
-0.2370737013988322,-0.2696723314583242,6
-0.1344950440332943,-0.195928417430824,6
0.036749091061283046,-0.10300566479163463,6
-0.07820155799363526,-7.838564822058511e-15,6
0.06835954442752305,0.10300566479165575,6
0.10591897265739408,0.19592841743081132,6
0.39722349613135194,0.269672331458315,6
0.6912442045569919,0.3170188387650495,6
0.4442798675562032,0.3333333333333333,6
0.394259669463701,0.31701883876505543,6
0.3951172331183485,0.2696723314583152,6
0.3362212833111006,0.19592841743084224,6
0.25383719705566393,0.10300566479165607,6
0.19732823616920847,-7.515706226105415e-15,6
0.15740678948194195,-0.10300566479163432,6
0.08932658097935546,-0.19592841743082376,6
-0.06578716694991975,-0.2696723314583018,6
-0.3880694181381097,-0.3170188387650484,6
-0.31908546459649445,-0.3333333333333333,6
-0.2961775506341347,-0.31701883876505654,6
-0.2370737013988277,-0.2696723314583173,6
-0.1344950440332835,-0.1959284174308145,6
0.03674909106126545,-0.1030056647916595,6
-0.0782015579935794,3.922170987333335e-15,6
0.06835954442755098,0.10300566479164892,6
0.10591897265742399,0.19592841743082082,6
0.3972234961314319,0.26967233145831077,6
0.6912442045569552,0.3170188387650473,6
0.4442798675561834,0.3333333333333333,6
0.394259669463703,0.3170188387650518,6
0.3951172331183688,0.2696723314583306,6
0.33622128331108714,0.19592841743083275,6
0.2538371970556485,0.10300566479164487,6
0.1973282361692462,1.861917053837475e-14,6
0.15740678948192882,-0.10300566479164551,6
0.08932658097933599,-0.19592841743083325,6
-0.06578716694997085,-0.26967233145830866,6
-0.3880694181381393,-0.31701883876505205,6
-0.31908546459650816,-0.3333333333333333,6
-0.29617755063413626,-0.31701883876505293,6
-0.23707370139882253,-0.26967233145831043,6
-0.13449504403330212,-0.19592841743083564,6
0.03674909106126517,-0.1030056647916483,6
-0.07820155799359617,-3.2648994902108242e-15,6
0.06835954442753883,0.10300566479164208,6
0.10591897265741733,0.19592841743081502,6
0.39722349613141045,0.2696723314583177,6
0.6912442045569603,0.31701883876504505,6
0.444279867556189,0.3333333333333333,6
0.39425966946371,0.3170188387650599,6
0.3951172331183594,0.26967233145832364,6
0.3362212833110767,0.1959284174308232,6
0.2538371970556788,0.10300566479166974,6
0.19732823616922932,6.858434728982903e-15,6
0.15740678948190578,-0.1030056647916567,6
0.08932658097935305,-0.19592841743081213,6
-0.06578716694996552,-0.2696723314583156,6
-0.38806941813815116,-0.31701883876505565,6
-0.31908546459651416,-0.3333333333333333,6
-0.2961775506341348,-0.31701883876504927,6
-0.23707370139883788,-0.26967233145832575,6
-0.13449504403330056,-0.19592841743082612,6
0.036749091061258086,-0.10300566479165513,6
-0.0782015579935871,-1.0451969967754983e-14,6
0.06835954442754154,0.10300566479163525,6
0.10591897265743272,0.19592841743082454,6
0.39722349613141944,0.26967233145830233,6
0.6912442045569435,0.3170188387650487,6
0.4442798675561875,0.3333333333333333,6
0.3942596694637084,0.31701883876505627,6
0.39511723311835306,0.26967233145831676,6
0.3362212833110994,0.19592841743084435,6
0.25383719705566504,0.10300566479165855,6
0.19732823616921133,-4.902301080408942e-15,6
0.15740678948194306,-0.10300566479163183,6
0.08932658097935746,-0.19592841743082165,6
-0.0657871669499361,-0.26967233145832253,6
-0.38806941813812323,-0.3170188387650476,6
-0.31908546459650083,-0.3333333333333333,6
-0.2961775506341321,-0.3170188387650515,6
-0.2370737013988288,-0.26967233145831887,6
-0.13449504403330112,-0.19592841743083192,6
0.03674909106126965,-0.10300566479164396,6
-0.07820155799361969,-1.7639040445299142e-14,6
0.06835954442753127,0.10300566479164645,6
0.10591897265739121,0.1959284174308034,6
0.3972234961313559,0.26967233145830927,6
0.6912442045569988,0.3170188387650523,6
0.4442798675562017,0.3333333333333333,6
0.3942596694636975,0.3170188387650526,6
0.39511723311834396,0.2696723314583098,6
0.3362212833110951,0.19592841743083486,6
0.253837197055658,0.10300566479164737,6
0.19732823616920395,-1.666303688980079e-14,6
0.15740678948193768,-0.10300566479164303,6
0.08932658097934754,-0.19592841743083114,6
-0.06578716694994231,-0.26967233145830716,6
-0.3880694181381245,-0.3170188387650512,6
-0.3190854645965014,-0.3333333333333333,6
-0.2961775506341345,-0.3170188387650537,6
-0.23707370139883396,-0.2696723314583231,6
-0.1344950440332947,-0.19592841743082243,6
0.03674909106124846,-0.1030056647916688,6
-0.07820155799355846,-5.878304635907296e-15,6
0.06835954442758228,0.10300566479165763,6
0.10591897265739435,0.1959284174308129,6
0.39722349613144986,0.2696723314583162,6
0.691244204556995,0.3170188387650443,6
0.44427986755617627,0.3333333333333333,6
0.3942596694636964,0.317018838765049,6
0.39511723311836633,0.2696723314583252,6
0.33622128331108225,0.19592841743082534,6
0.2538371970556417,0.10300566479163618,6
0.19732823616924164,9.471839874679374e-15,6
0.15740678948192505,-0.1030056647916542,6
0.08932658097934354,-0.19592841743082534,6
-0.06578716694996589,-0.2696723314583141,6
-0.3880694181381379,-0.317018838765049,6
-0.3190854645965076,-0.3333333333333333,6
-0.2961775506341391,-0.31701883876505593,6
-0.2370737013988293,-0.2696723314583162,6
-0.13449504403331405,-0.19592841743084355,6
0.036749091061247664,-0.10300566479165763,6
-0.07820155799355553,5.882431173484551e-15,6
0.06835954442755914,0.10300566479163277,6
0.10591897265743959,0.19592841743082243,6
0.3972234961314777,0.2696723314583231,6
0.6912442045569382,0.3170188387650479,6
0.4442798675561719,0.3333333333333333,6
0.39425966946371105,0.31701883876505704,6
0.3951172331183585,0.2696723314583183,6
0.3362212833110691,0.1959284174308158,6
0.25383719705567204,0.10300566479166103,6
0.19732823616922598,-2.2888959347124714e-15,6
0.1574067894819197,-0.10300566479164737,6
0.08932658097935027,-0.19592841743081954,6
-0.06578716694995397,-0.2696723314583099,6
-0.38806941813813706,-0.3170188387650526,6
-0.3190854645965074,-0.3333333333333333,6
-0.29617755063413537,-0.3170188387650523,6
-0.23707370139884323,-0.2696723314583315,6
-0.1344950440333114,-0.19592841743083403,6
0.036749091061259474,-0.10300566479164643,6
-0.07820155799360584,-2.0252445590995614e-14,6
0.06835954442754276,0.10300566479164396,6
0.1059189726574184,0.19592841743083192,6
0.3972234961314082,0.2696723314583077,6
0.691244204556965,0.3170188387650515,6
0.44427986755618937,0.3333333333333333,6
0.39425966946370306,0.31701883876505343,6
0.39511723311834807,0.2696723314583114,6
0.3362212833110947,0.19592841743083697,6
0.25383719705565916,0.10300566479164985,6
0.19732823616922526,4.898174542831687e-15,6
0.1574067894819337,-0.10300566479164054,6
0.08932658097936041,-0.19592841743081368,6
-0.06578716694993232,-0.26967233145831676,6
-0.3880694181381193,-0.31701883876504455,6
-0.319085464596499,-0.3333333333333333,6
-0.2961775506341286,-0.3170188387650487,6
-0.2370737013988332,-0.26967233145832464,6
